UtcTime,Computer,User,EventID,Image,CommandLine,ParentImage,DestinationIp,DestinationPort,Hashes
2026-02-04 00:00:00.000,LINUX-WEB-02,a.kim,1,node,"node",systemd,,,SHA256=00061307d8efc4c500061307d8efc4c500061307d8efc4c500061307d8efc4c5
2026-02-04 00:02:39.992,K8S-NODE-01,svc-export,1,slack.exe,"slack.exe",explorer.exe,,,SHA256=00042dd5d559055100042dd5d559055100042dd5d559055100042dd5d5590551
2026-02-04 00:13:09.565,LINUX-JUMP-01,d.holt,1,powershell.exe,"powershell.exe",launchd,,,SHA256=001e49e2c0d1f0b4001e49e2c0d1f0b4001e49e2c0d1f0b4001e49e2c0d1f0b4
2026-02-04 00:24:14.352,LINUX-JUMP-01,svc.sync,1,slack.exe,"slack.exe",systemd,,,SHA256=001385c1a107e475001385c1a107e475001385c1a107e475001385c1a107e475
2026-02-04 00:32:39.692,LINUX-JUMP-01,svc.sync,1,sshd,"sshd",systemd,,,SHA256=0008cf62978c60e30008cf62978c60e30008cf62978c60e30008cf62978c60e3
2026-02-04 00:40:02.255,WIN-HELPDESK-12,svc.export,1,chrome.exe,"chrome.exe",systemd,,,SHA256=000786ba63ea19d4000786ba63ea19d4000786ba63ea19d4000786ba63ea19d4
2026-02-04 00:44:54.149,WIN-FS01,a.kim,1,chrome.exe,"chrome.exe",explorer.exe,,,SHA256=00023da4f512648300023da4f512648300023da4f512648300023da4f5126483
2026-02-04 00:48:34.155,K8S-NODE-01,svc.export,1,python3,"python3",launchd,,,SHA256=0020a8c937e517340020a8c937e517340020a8c937e517340020a8c937e51734
2026-02-04 00:55:26.580,LINUX-JUMP-01,svc-build,1,chrome.exe,"chrome.exe",systemd,,,SHA256=000b37e616b62c5d000b37e616b62c5d000b37e616b62c5d000b37e616b62c5d
2026-02-04 00:58:21.656,WIN-FIN-WS17,svc-export,1,node,"node",systemd,,,SHA256=000984c639593e96000984c639593e96000984c639593e96000984c639593e96
2026-02-04 01:04:47.678,LINUX-WEB-02,svc-build,1,slack.exe,"slack.exe",explorer.exe,,,SHA256=001a5265159c8b70001a5265159c8b70001a5265159c8b70001a5265159c8b70
2026-02-04 01:07:48.026,WIN-FIN-WS17,a.kim,1,python3,"python3",systemd,,,SHA256=001e4ef3a4f76afe001e4ef3a4f76afe001e4ef3a4f76afe001e4ef3a4f76afe
2026-02-04 01:17:08.514,LINUX-JUMP-01,a.kim,1,git,"git",explorer.exe,,,SHA256=001778ffac3d5ecb001778ffac3d5ecb001778ffac3d5ecb001778ffac3d5ecb
2026-02-04 01:20:33.590,WIN-FIN-WS17,a.kim,1,python3,"python3",explorer.exe,,,SHA256=0005d1bbcca3d6600005d1bbcca3d6600005d1bbcca3d6600005d1bbcca3d660
2026-02-04 01:29:33.886,K8S-NODE-01,d.holt,1,slack.exe,"slack.exe",explorer.exe,,,SHA256=0013bcfdac64d8ac0013bcfdac64d8ac0013bcfdac64d8ac0013bcfdac64d8ac
2026-02-04 01:35:01.438,WIN-FIN-WS17,svc-export,1,python3,"python3",explorer.exe,,,SHA256=00123c0009f6b8e800123c0009f6b8e800123c0009f6b8e800123c0009f6b8e8
2026-02-04 01:40:10.180,LINUX-JUMP-01,marina.ko,1,outlook.exe,"outlook.exe",explorer.exe,,,SHA256=001d1cad65122ad7001d1cad65122ad7001d1cad65122ad7001d1cad65122ad7
2026-02-04 01:48:14.500,LINUX-JUMP-01,svc.sync,1,powershell.exe,"powershell.exe",launchd,,,SHA256=0015da45640d3d6d0015da45640d3d6d0015da45640d3d6d0015da45640d3d6d
2026-02-04 01:55:52.863,K8S-NODE-01,svc-build,1,git,"git",systemd,,,SHA256=000f69cfe1c74c3a000f69cfe1c74c3a000f69cfe1c74c3a000f69cfe1c74c3a
2026-02-04 01:59:30.677,WIN-FIN-WS17,a.kim,1,node,"node",cmd.exe,,,SHA256=00179a12c913a73600179a12c913a73600179a12c913a73600179a12c913a736
2026-02-04 02:03:29.356,LINUX-JUMP-01,d.holt,1,slack.exe,"slack.exe",launchd,,,SHA256=00136375684fd5c100136375684fd5c100136375684fd5c100136375684fd5c1
2026-02-04 02:10:48.322,LINUX-JUMP-01,svc.export,1,outlook.exe,"outlook.exe",systemd,,,SHA256=0001286034ecc4ed0001286034ecc4ed0001286034ecc4ed0001286034ecc4ed
2026-02-04 02:16:53.638,WIN-FS01,a.kim,1,git,"git",launchd,,,SHA256=00067c9b5a63327500067c9b5a63327500067c9b5a63327500067c9b5a633275
2026-02-04 02:19:50.003,WIN-FS01,a.kim,1,python3,"python3",explorer.exe,,,SHA256=002149e591ed0ce2002149e591ed0ce2002149e591ed0ce2002149e591ed0ce2
2026-02-04 02:26:19.590,LINUX-JUMP-01,svc-export,1,powershell.exe,"powershell.exe",cmd.exe,,,SHA256=0014f40fe5539eda0014f40fe5539eda0014f40fe5539eda0014f40fe5539eda
2026-02-04 02:31:38.110,LINUX-WEB-02,marina.ko,1,sshd,"sshd",launchd,,,SHA256=001896793430fe85001896793430fe85001896793430fe85001896793430fe85
2026-02-04 02:40:40.684,LINUX-JUMP-01,svc-build,1,powershell.exe,"powershell.exe",launchd,,,SHA256=0020d7a9ae49b3880020d7a9ae49b3880020d7a9ae49b3880020d7a9ae49b388
2026-02-04 02:50:11.472,LINUX-WEB-02,svc.export,1,git,"git",cmd.exe,,,SHA256=000e5b0810f3a51c000e5b0810f3a51c000e5b0810f3a51c000e5b0810f3a51c
2026-02-04 02:54:54.272,WIN-FS01,d.holt,1,python3,"python3",explorer.exe,,,SHA256=000a4cec3d9c770a000a4cec3d9c770a000a4cec3d9c770a000a4cec3d9c770a
2026-02-04 02:59:37.806,LINUX-JUMP-01,svc-build,1,sshd,"sshd",launchd,,,SHA256=0007b4811d8057ca0007b4811d8057ca0007b4811d8057ca0007b4811d8057ca
2026-02-04 03:07:49.323,WIN-FIN-WS17,svc-build,1,node,"node",explorer.exe,,,SHA256=000c490b5cf132f6000c490b5cf132f6000c490b5cf132f6000c490b5cf132f6
2026-02-04 03:15:12.409,K8S-NODE-01,svc-build,1,slack.exe,"slack.exe",explorer.exe,,,SHA256=0010ac31413c12c40010ac31413c12c40010ac31413c12c40010ac31413c12c4
2026-02-04 03:18:27.121,WIN-HELPDESK-12,svc.export,1,outlook.exe,"outlook.exe",explorer.exe,,,SHA256=0022b617583c884c0022b617583c884c0022b617583c884c0022b617583c884c
2026-02-04 03:26:19.166,K8S-NODE-01,a.kim,1,slack.exe,"slack.exe",launchd,,,SHA256=000d3d45a91705cb000d3d45a91705cb000d3d45a91705cb000d3d45a91705cb
2026-02-04 03:33:25.030,WIN-HELPDESK-12,a.kim,1,outlook.exe,"outlook.exe",explorer.exe,,,SHA256=001ae8d6f9017f13001ae8d6f9017f13001ae8d6f9017f13001ae8d6f9017f13
2026-02-04 03:39:25.538,K8S-NODE-01,svc-build,1,slack.exe,"slack.exe",launchd,,,SHA256=00026e29033533ef00026e29033533ef00026e29033533ef00026e29033533ef
2026-02-04 03:46:44.068,WIN-FIN-WS17,svc.export,1,outlook.exe,"outlook.exe",launchd,,,SHA256=0006cb4e928d8d2f0006cb4e928d8d2f0006cb4e928d8d2f0006cb4e928d8d2f
2026-02-04 03:53:48.847,K8S-NODE-01,svc.sync,1,slack.exe,"slack.exe",launchd,,,SHA256=000636cf88814086000636cf88814086000636cf88814086000636cf88814086
2026-02-04 03:57:41.661,LINUX-WEB-02,svc-export,1,powershell.exe,"powershell.exe",systemd,,,SHA256=00225ef3e31bd08800225ef3e31bd08800225ef3e31bd08800225ef3e31bd088
2026-02-04 04:02:46.777,WIN-FS01,svc-export,1,powershell.exe,"powershell.exe",systemd,,,SHA256=00067f636413c56900067f636413c56900067f636413c56900067f636413c569
2026-02-04 04:07:21.564,WIN-HELPDESK-12,svc.sync,1,git,"git",explorer.exe,,,SHA256=001944f9c83ff856001944f9c83ff856001944f9c83ff856001944f9c83ff856
2026-02-04 04:16:50.652,WIN-FS01,svc.sync,1,chrome.exe,"chrome.exe",cmd.exe,,,SHA256=000af956f38cce70000af956f38cce70000af956f38cce70000af956f38cce70
2026-02-04 04:20:33.573,WIN-HELPDESK-12,marina.ko,1,git,"git",cmd.exe,,,SHA256=002259e73c7b99d0002259e73c7b99d0002259e73c7b99d0002259e73c7b99d0
2026-02-04 04:23:15.675,WIN-HELPDESK-12,svc-export,1,slack.exe,"slack.exe",explorer.exe,,,SHA256=0017aa342a22562e0017aa342a22562e0017aa342a22562e0017aa342a22562e
2026-02-04 04:27:06.269,WIN-FIN-WS17,d.holt,1,node,"node",systemd,,,SHA256=000e13d99b22ebf7000e13d99b22ebf7000e13d99b22ebf7000e13d99b22ebf7
2026-02-04 04:33:07.921,WIN-FS01,marina.ko,1,python3,"python3",explorer.exe,,,SHA256=001e9fc2e9dfdff0001e9fc2e9dfdff0001e9fc2e9dfdff0001e9fc2e9dfdff0
2026-02-04 04:40:16.653,WIN-FIN-WS17,a.kim,1,slack.exe,"slack.exe",systemd,,,SHA256=000f32a4c61d26be000f32a4c61d26be000f32a4c61d26be000f32a4c61d26be
2026-02-04 04:51:03.520,WIN-HELPDESK-12,a.kim,1,git,"git",launchd,,,SHA256=000d920573408af2000d920573408af2000d920573408af2000d920573408af2
2026-02-04 04:55:31.172,WIN-HELPDESK-12,svc.sync,1,git,"git",launchd,,,SHA256=001dd766914b015e001dd766914b015e001dd766914b015e001dd766914b015e
2026-02-04 05:06:21.089,LINUX-JUMP-01,a.kim,1,git,"git",explorer.exe,,,SHA256=000d1946a73d3ae2000d1946a73d3ae2000d1946a73d3ae2000d1946a73d3ae2
2026-02-04 05:16:33.255,WIN-HELPDESK-12,svc.sync,1,outlook.exe,"outlook.exe",launchd,,,SHA256=00007be99a330bf600007be99a330bf600007be99a330bf600007be99a330bf6
2026-02-04 05:22:24.087,LINUX-WEB-02,marina.ko,1,git,"git",launchd,,,SHA256=00174f916591b19900174f916591b19900174f916591b19900174f916591b199
2026-02-04 05:27:03.095,WIN-FIN-WS17,svc.export,1,git,"git",launchd,,,SHA256=001dc2ae31f5e069001dc2ae31f5e069001dc2ae31f5e069001dc2ae31f5e069
2026-02-04 05:35:55.395,WIN-FS01,svc.export,1,sshd,"sshd",cmd.exe,,,SHA256=0005f7e70979b6160005f7e70979b6160005f7e70979b6160005f7e70979b616
2026-02-04 05:43:16.044,LINUX-WEB-02,d.holt,1,slack.exe,"slack.exe",explorer.exe,,,SHA256=0011da64912566720011da64912566720011da64912566720011da6491256672
2026-02-04 05:47:22.059,WIN-FS01,svc.export,1,chrome.exe,"chrome.exe",cmd.exe,,,SHA256=000168c1b54ea4bd000168c1b54ea4bd000168c1b54ea4bd000168c1b54ea4bd
2026-02-04 05:50:56.621,WIN-HELPDESK-12,svc-build,1,sshd,"sshd",systemd,,,SHA256=0017a44d7ac4a70a0017a44d7ac4a70a0017a44d7ac4a70a0017a44d7ac4a70a
2026-02-04 06:00:53.745,K8S-NODE-01,svc.export,1,git,"git",cmd.exe,,,SHA256=00029aa5cb9504d000029aa5cb9504d000029aa5cb9504d000029aa5cb9504d0
2026-02-04 06:07:05.742,LINUX-JUMP-01,svc-export,1,git,"git",explorer.exe,,,SHA256=0019ac9ec1dbeafe0019ac9ec1dbeafe0019ac9ec1dbeafe0019ac9ec1dbeafe
2026-02-04 06:15:54.089,LINUX-JUMP-01,d.holt,1,outlook.exe,"outlook.exe",launchd,,,SHA256=000daf25baceff2d000daf25baceff2d000daf25baceff2d000daf25baceff2d
2026-02-04 06:22:09.418,LINUX-WEB-02,svc-export,1,slack.exe,"slack.exe",cmd.exe,,,SHA256=00061b6f417c20ca00061b6f417c20ca00061b6f417c20ca00061b6f417c20ca
2026-02-04 06:33:09.739,LINUX-JUMP-01,a.kim,1,slack.exe,"slack.exe",launchd,,,SHA256=000c9b872244d248000c9b872244d248000c9b872244d248000c9b872244d248
2026-02-04 06:42:17.787,LINUX-WEB-02,d.holt,1,python3,"python3",systemd,,,SHA256=000aac52bbd8c5ba000aac52bbd8c5ba000aac52bbd8c5ba000aac52bbd8c5ba
2026-02-04 06:52:17.533,WIN-FS01,svc-export,1,powershell.exe,"powershell.exe",systemd,,,SHA256=00085e449eb19f6a00085e449eb19f6a00085e449eb19f6a00085e449eb19f6a
2026-02-04 06:56:33.975,WIN-FIN-WS17,marina.ko,1,git,"git",launchd,,,SHA256=00183f46dfd4ce4300183f46dfd4ce4300183f46dfd4ce4300183f46dfd4ce43
2026-02-04 07:07:15.849,K8S-NODE-01,svc.sync,1,node,"node",systemd,,,SHA256=00013bf95c682d2a00013bf95c682d2a00013bf95c682d2a00013bf95c682d2a
2026-02-04 07:13:52.895,WIN-HELPDESK-12,svc-export,1,powershell.exe,"powershell.exe",explorer.exe,,,SHA256=0007d8916cdd499d0007d8916cdd499d0007d8916cdd499d0007d8916cdd499d
2026-02-04 07:23:21.828,LINUX-JUMP-01,svc-export,1,sshd,"sshd",explorer.exe,,,SHA256=0012a77885fd7b2b0012a77885fd7b2b0012a77885fd7b2b0012a77885fd7b2b
2026-02-04 07:27:40.740,WIN-FS01,svc-build,1,chrome.exe,"chrome.exe",cmd.exe,,,SHA256=0019738ecbd0bca30019738ecbd0bca30019738ecbd0bca30019738ecbd0bca3
2026-02-04 07:32:01.753,WIN-HELPDESK-12,a.kim,1,outlook.exe,"outlook.exe",launchd,,,SHA256=00118e24752c431500118e24752c431500118e24752c431500118e24752c4315
2026-02-04 07:41:26.523,WIN-FIN-WS17,d.holt,1,outlook.exe,"outlook.exe",launchd,,,SHA256=000721c242576fee000721c242576fee000721c242576fee000721c242576fee
2026-02-04 07:49:37.531,LINUX-WEB-02,a.kim,1,chrome.exe,"chrome.exe",launchd,,,SHA256=0015127d23a4c2d80015127d23a4c2d80015127d23a4c2d80015127d23a4c2d8
2026-02-04 07:55:07.666,LINUX-JUMP-01,svc-export,1,sshd,"sshd",cmd.exe,,,SHA256=0012523fa8e62d2e0012523fa8e62d2e0012523fa8e62d2e0012523fa8e62d2e
2026-02-04 07:59:17.825,LINUX-JUMP-01,a.kim,1,sshd,"sshd",explorer.exe,,,SHA256=000df9df7b546c1e000df9df7b546c1e000df9df7b546c1e000df9df7b546c1e
2026-02-04 08:01:52.248,LINUX-JUMP-01,svc-export,1,sshd,"sshd",cmd.exe,,,SHA256=001f0f1204a027cb001f0f1204a027cb001f0f1204a027cb001f0f1204a027cb
2026-02-04 08:11:38.012,WIN-FS01,svc-export,1,slack.exe,"slack.exe",systemd,,,SHA256=001221d8ab7a5510001221d8ab7a5510001221d8ab7a5510001221d8ab7a5510
2026-02-04 08:18:11.162,WIN-FIN-WS17,marina.ko,1,node,"node",launchd,,,SHA256=000dc24b45b00cbb000dc24b45b00cbb000dc24b45b00cbb000dc24b45b00cbb
2026-02-04 08:21:58.783,WIN-FS01,marina.ko,1,node,"node",cmd.exe,,,SHA256=0020214a18f8864c0020214a18f8864c0020214a18f8864c0020214a18f8864c
2026-02-04 08:32:14.042,WIN-FIN-WS17,a.kim,1,outlook.exe,"outlook.exe",explorer.exe,,,SHA256=001c17d80e8075a4001c17d80e8075a4001c17d80e8075a4001c17d80e8075a4
2026-02-04 08:36:48.804,WIN-FIN-WS17,svc-export,1,python3,"python3",launchd,,,SHA256=00197c9938d0822500197c9938d0822500197c9938d0822500197c9938d08225
2026-02-04 08:43:33.454,LINUX-WEB-02,svc.sync,1,sshd,"sshd",launchd,,,SHA256=001e72ef042c3b34001e72ef042c3b34001e72ef042c3b34001e72ef042c3b34
2026-02-04 08:47:42.496,LINUX-WEB-02,d.holt,1,outlook.exe,"outlook.exe",systemd,,,SHA256=0009132710e4a11b0009132710e4a11b0009132710e4a11b0009132710e4a11b
2026-02-04 08:58:02.466,WIN-FS01,a.kim,1,sshd,"sshd",cmd.exe,,,SHA256=0008044f1e0962be0008044f1e0962be0008044f1e0962be0008044f1e0962be
2026-02-04 09:03:59.615,WIN-HELPDESK-12,svc.export,1,sshd,"sshd",systemd,,,SHA256=0022ab4b88431f9c0022ab4b88431f9c0022ab4b88431f9c0022ab4b88431f9c
2026-02-04 09:13:41.348,WIN-FIN-WS17,svc-export,1,node,"node",systemd,,,SHA256=00169fd3ed83a31800169fd3ed83a31800169fd3ed83a31800169fd3ed83a318
2026-02-04 09:24:18.939,LINUX-WEB-02,svc.export,1,slack.exe,"slack.exe",launchd,,,SHA256=0014eabfbbf0f8fc0014eabfbbf0f8fc0014eabfbbf0f8fc0014eabfbbf0f8fc
2026-02-04 09:29:09.755,K8S-NODE-01,svc.export,1,sshd,"sshd",explorer.exe,,,SHA256=001c8936f173bcb3001c8936f173bcb3001c8936f173bcb3001c8936f173bcb3
2026-02-04 09:32:53.984,WIN-HELPDESK-12,svc-export,1,chrome.exe,"chrome.exe",explorer.exe,,,SHA256=0016760fe42eebb10016760fe42eebb10016760fe42eebb10016760fe42eebb1
2026-02-04 09:35:51.400,WIN-FS01,marina.ko,1,chrome.exe,"chrome.exe",cmd.exe,,,SHA256=000e558fef6420fa000e558fef6420fa000e558fef6420fa000e558fef6420fa
2026-02-04 09:46:24.312,WIN-FIN-WS17,d.holt,1,chrome.exe,"chrome.exe",systemd,,,SHA256=0004a1bebcf742d10004a1bebcf742d10004a1bebcf742d10004a1bebcf742d1
2026-02-04 09:49:38.821,LINUX-WEB-02,a.kim,1,node,"node",launchd,,,SHA256=00211e5eb007a4ee00211e5eb007a4ee00211e5eb007a4ee00211e5eb007a4ee
2026-02-04 09:55:51.605,LINUX-JUMP-01,svc-export,1,outlook.exe,"outlook.exe",launchd,,,SHA256=0006e3cd43d640cf0006e3cd43d640cf0006e3cd43d640cf0006e3cd43d640cf
2026-02-04 09:59:16.495,WIN-FS01,svc.sync,1,python3,"python3",cmd.exe,,,SHA256=000de32b05e03b01000de32b05e03b01000de32b05e03b01000de32b05e03b01
2026-02-04 10:02:15.313,LINUX-WEB-02,svc-build,1,chrome.exe,"chrome.exe",launchd,,,SHA256=0017e46b040347740017e46b040347740017e46b040347740017e46b04034774
2026-02-04 10:10:41.159,WIN-FS01,svc-export,1,slack.exe,"slack.exe",systemd,,,SHA256=0001ea67cbd8f0310001ea67cbd8f0310001ea67cbd8f0310001ea67cbd8f031
2026-02-04 10:18:58.302,WIN-FIN-WS17,svc-build,1,python3,"python3",cmd.exe,,,SHA256=0007beb8de2f191a0007beb8de2f191a0007beb8de2f191a0007beb8de2f191a
2026-02-04 10:25:28.830,WIN-HELPDESK-12,marina.ko,1,node,"node",launchd,,,SHA256=001c372e3f9da868001c372e3f9da868001c372e3f9da868001c372e3f9da868
2026-02-04 10:34:18.563,WIN-HELPDESK-12,a.kim,1,python3,"python3",cmd.exe,,,SHA256=000d17da0820cf2e000d17da0820cf2e000d17da0820cf2e000d17da0820cf2e
2026-02-04 10:39:58.654,WIN-HELPDESK-12,svc.export,1,node,"node",launchd,,,SHA256=0018f7568f0d56120018f7568f0d56120018f7568f0d56120018f7568f0d5612
2026-02-04 10:42:58.657,K8S-NODE-01,svc-build,1,chrome.exe,"chrome.exe",explorer.exe,,,SHA256=001233097f9d61e7001233097f9d61e7001233097f9d61e7001233097f9d61e7
2026-02-04 10:53:14.303,WIN-FIN-WS17,svc-build,1,python3,"python3",systemd,,,SHA256=00230c72dd4ea8fe00230c72dd4ea8fe00230c72dd4ea8fe00230c72dd4ea8fe
2026-02-04 11:00:30.197,LINUX-JUMP-01,svc-export,1,chrome.exe,"chrome.exe",systemd,,,SHA256=001ddb8fe0a3dd42001ddb8fe0a3dd42001ddb8fe0a3dd42001ddb8fe0a3dd42
2026-02-04 11:08:44.307,LINUX-WEB-02,a.kim,1,node,"node",systemd,,,SHA256=000d785cd6a47078000d785cd6a47078000d785cd6a47078000d785cd6a47078
2026-02-04 11:18:06.306,WIN-FIN-WS17,svc-build,1,outlook.exe,"outlook.exe",launchd,,,SHA256=00170ec9125a9f4000170ec9125a9f4000170ec9125a9f4000170ec9125a9f40
2026-02-04 11:24:13.309,WIN-FIN-WS17,d.holt,1,git,"git",explorer.exe,,,SHA256=00137b88dbb92ca600137b88dbb92ca600137b88dbb92ca600137b88dbb92ca6
2026-02-04 11:29:40.600,WIN-HELPDESK-12,a.kim,1,slack.exe,"slack.exe",cmd.exe,,,SHA256=0015440904cf3b620015440904cf3b620015440904cf3b620015440904cf3b62
2026-02-04 11:36:36.850,WIN-FIN-WS17,d.holt,1,git,"git",launchd,,,SHA256=00085c70c41c8b2100085c70c41c8b2100085c70c41c8b2100085c70c41c8b21
2026-02-04 11:45:06.875,K8S-NODE-01,d.holt,1,python3,"python3",cmd.exe,,,SHA256=001c1bd1e9c9df63001c1bd1e9c9df63001c1bd1e9c9df63001c1bd1e9c9df63
2026-02-04 11:53:42.942,WIN-HELPDESK-12,svc.export,1,outlook.exe,"outlook.exe",explorer.exe,,,SHA256=0003e2d008c9cad50003e2d008c9cad50003e2d008c9cad50003e2d008c9cad5
2026-02-04 12:01:19.306,K8S-NODE-01,svc.export,1,git,"git",cmd.exe,,,SHA256=001b82cd0b735536001b82cd0b735536001b82cd0b735536001b82cd0b735536
2026-02-04 12:04:44.282,WIN-HELPDESK-12,d.holt,1,node,"node",explorer.exe,,,SHA256=00145d464d56431d00145d464d56431d00145d464d56431d00145d464d56431d
2026-02-04 12:08:48.586,WIN-HELPDESK-12,d.holt,1,outlook.exe,"outlook.exe",systemd,,,SHA256=001d8612f135fe42001d8612f135fe42001d8612f135fe42001d8612f135fe42
2026-02-04 12:15:35.606,LINUX-WEB-02,d.holt,1,slack.exe,"slack.exe",systemd,,,SHA256=0000175ec4308a180000175ec4308a180000175ec4308a180000175ec4308a18
2026-02-04 12:24:55.054,LINUX-WEB-02,d.holt,1,git,"git",cmd.exe,,,SHA256=0005dc42602e63da0005dc42602e63da0005dc42602e63da0005dc42602e63da
2026-02-04 12:35:11.303,WIN-HELPDESK-12,svc-build,1,outlook.exe,"outlook.exe",systemd,,,SHA256=000580c51687f651000580c51687f651000580c51687f651000580c51687f651
2026-02-04 12:44:15.510,WIN-HELPDESK-12,svc-build,1,python3,"python3",launchd,,,SHA256=001de2f20d3d3902001de2f20d3d3902001de2f20d3d3902001de2f20d3d3902
2026-02-04 12:52:49.025,WIN-HELPDESK-12,svc.export,1,sshd,"sshd",explorer.exe,,,SHA256=0019fa802a8b778e0019fa802a8b778e0019fa802a8b778e0019fa802a8b778e
2026-02-04 13:01:05.995,LINUX-JUMP-01,svc.export,1,python3,"python3",cmd.exe,,,SHA256=0014fd261922e95f0014fd261922e95f0014fd261922e95f0014fd261922e95f
2026-02-04 13:10:05.660,LINUX-WEB-02,d.holt,1,sshd,"sshd",cmd.exe,,,SHA256=000b93ed060202f6000b93ed060202f6000b93ed060202f6000b93ed060202f6
2026-02-04 13:13:58.486,LINUX-WEB-02,marina.ko,1,outlook.exe,"outlook.exe",cmd.exe,,,SHA256=001dcbe7d068117e001dcbe7d068117e001dcbe7d068117e001dcbe7d068117e
2026-02-04 13:20:42.668,WIN-FIN-WS17,svc-build,1,powershell.exe,"powershell.exe",systemd,,,SHA256=0008d10d7c5a0e690008d10d7c5a0e690008d10d7c5a0e690008d10d7c5a0e69
2026-02-04 13:24:55.058,WIN-HELPDESK-12,a.kim,1,sshd,"sshd",systemd,,,SHA256=001416d2528e7c48001416d2528e7c48001416d2528e7c48001416d2528e7c48
2026-02-04 13:34:38.390,WIN-HELPDESK-12,svc-export,1,sshd,"sshd",systemd,,,SHA256=0021c4d9e4f6d71a0021c4d9e4f6d71a0021c4d9e4f6d71a0021c4d9e4f6d71a
2026-02-04 13:44:18.682,K8S-NODE-01,svc.export,1,node,"node",systemd,,,SHA256=001e9346f2ac81c3001e9346f2ac81c3001e9346f2ac81c3001e9346f2ac81c3
2026-02-04 13:55:15.573,LINUX-WEB-02,d.holt,1,python3,"python3",systemd,,,SHA256=0001affffdc56f6f0001affffdc56f6f0001affffdc56f6f0001affffdc56f6f
2026-02-04 14:01:25.475,WIN-HELPDESK-12,a.kim,1,node,"node",cmd.exe,,,SHA256=0009e21b1a97e30c0009e21b1a97e30c0009e21b1a97e30c0009e21b1a97e30c
2026-02-04 14:07:12.981,WIN-HELPDESK-12,svc.sync,1,powershell.exe,"powershell.exe",cmd.exe,,,SHA256=0005af434a52d01c0005af434a52d01c0005af434a52d01c0005af434a52d01c
2026-02-04 14:14:18.827,K8S-NODE-01,svc.sync,1,chrome.exe,"chrome.exe",explorer.exe,,,SHA256=000c8c3d1c1c7f93000c8c3d1c1c7f93000c8c3d1c1c7f93000c8c3d1c1c7f93
2026-02-04 14:24:40.582,LINUX-JUMP-01,d.holt,1,node,"node",launchd,,,SHA256=0002734a9429687d0002734a9429687d0002734a9429687d0002734a9429687d
2026-02-04 14:35:51.458,K8S-NODE-01,svc.export,1,sshd,"sshd",explorer.exe,,,SHA256=001f92a881837f98001f92a881837f98001f92a881837f98001f92a881837f98
2026-02-04 14:38:58.430,WIN-HELPDESK-12,svc.export,1,python3,"python3",launchd,,,SHA256=002070501ee6ea32002070501ee6ea32002070501ee6ea32002070501ee6ea32
2026-02-04 14:45:17.090,LINUX-WEB-02,marina.ko,1,node,"node",cmd.exe,,,SHA256=001f01d6c1c3cfe5001f01d6c1c3cfe5001f01d6c1c3cfe5001f01d6c1c3cfe5
2026-02-04 14:56:29.981,WIN-HELPDESK-12,svc.sync,1,git,"git",explorer.exe,,,SHA256=000ebc06fcf04c00000ebc06fcf04c00000ebc06fcf04c00000ebc06fcf04c00
2026-02-04 15:04:39.033,WIN-FIN-WS17,svc.export,1,chrome.exe,"chrome.exe",launchd,,,SHA256=0004c8b2add00acb0004c8b2add00acb0004c8b2add00acb0004c8b2add00acb
2026-02-04 15:12:01.214,K8S-NODE-01,a.kim,1,python3,"python3",explorer.exe,,,SHA256=000d1b0340ce3fe5000d1b0340ce3fe5000d1b0340ce3fe5000d1b0340ce3fe5
2026-02-04 15:19:18.620,LINUX-JUMP-01,svc-export,1,outlook.exe,"outlook.exe",cmd.exe,,,SHA256=000389a8d7a92a61000389a8d7a92a61000389a8d7a92a61000389a8d7a92a61
2026-02-04 15:24:27.546,WIN-HELPDESK-12,a.kim,1,chrome.exe,"chrome.exe",cmd.exe,,,SHA256=001f3770aff8987c001f3770aff8987c001f3770aff8987c001f3770aff8987c
2026-02-04 15:31:32.036,WIN-FS01,a.kim,1,node,"node",cmd.exe,,,SHA256=0008f046f04b9ffb0008f046f04b9ffb0008f046f04b9ffb0008f046f04b9ffb
2026-02-04 15:36:31.161,LINUX-WEB-02,svc.sync,1,python3,"python3",explorer.exe,,,SHA256=0002953ddcb459920002953ddcb459920002953ddcb459920002953ddcb45992
2026-02-04 15:39:59.738,LINUX-JUMP-01,svc.export,1,python3,"python3",explorer.exe,,,SHA256=0005d1e86249ace70005d1e86249ace70005d1e86249ace70005d1e86249ace7
2026-02-04 15:43:21.993,LINUX-JUMP-01,svc.sync,1,outlook.exe,"outlook.exe",cmd.exe,,,SHA256=000a3c924d067007000a3c924d067007000a3c924d067007000a3c924d067007
2026-02-04 15:46:58.253,WIN-FIN-WS17,d.holt,1,chrome.exe,"chrome.exe",systemd,,,SHA256=00074b919f05186d00074b919f05186d00074b919f05186d00074b919f05186d
2026-02-04 15:56:56.232,WIN-FS01,svc.export,1,outlook.exe,"outlook.exe",cmd.exe,,,SHA256=0021e33fc5d84cea0021e33fc5d84cea0021e33fc5d84cea0021e33fc5d84cea
2026-02-04 16:07:39.791,WIN-HELPDESK-12,a.kim,1,chrome.exe,"chrome.exe",systemd,,,SHA256=000a1a86cef09f07000a1a86cef09f07000a1a86cef09f07000a1a86cef09f07
2026-02-04 16:18:16.840,K8S-NODE-01,a.kim,1,chrome.exe,"chrome.exe",launchd,,,SHA256=00176361c305dfcd00176361c305dfcd00176361c305dfcd00176361c305dfcd
2026-02-04 16:23:10.730,WIN-HELPDESK-12,svc.sync,1,slack.exe,"slack.exe",systemd,,,SHA256=00086ab0f035b6df00086ab0f035b6df00086ab0f035b6df00086ab0f035b6df
2026-02-04 16:28:41.206,LINUX-WEB-02,a.kim,1,outlook.exe,"outlook.exe",explorer.exe,,,SHA256=0004d7bf389dac6f0004d7bf389dac6f0004d7bf389dac6f0004d7bf389dac6f
2026-02-04 16:33:15.653,WIN-FS01,marina.ko,1,outlook.exe,"outlook.exe",cmd.exe,,,SHA256=001994e4dc468588001994e4dc468588001994e4dc468588001994e4dc468588
2026-02-04 16:44:11.667,LINUX-JUMP-01,svc-build,1,sshd,"sshd",cmd.exe,,,SHA256=0005a624350df78c0005a624350df78c0005a624350df78c0005a624350df78c
2026-02-04 16:52:59.231,WIN-FS01,svc-build,1,sshd,"sshd",cmd.exe,,,SHA256=00199404f991230000199404f991230000199404f991230000199404f9912300
2026-02-04 16:58:25.275,LINUX-WEB-02,svc.sync,1,chrome.exe,"chrome.exe",systemd,,,SHA256=0013f502d4f646fe0013f502d4f646fe0013f502d4f646fe0013f502d4f646fe
2026-02-04 17:07:13.896,K8S-NODE-01,svc-export,1,chrome.exe,"chrome.exe",cmd.exe,,,SHA256=00012d10378585e300012d10378585e300012d10378585e300012d10378585e3
2026-02-04 17:17:29.792,WIN-HELPDESK-12,svc.export,1,sshd,"sshd",launchd,,,SHA256=001fc1b8f6beb117001fc1b8f6beb117001fc1b8f6beb117001fc1b8f6beb117
2026-02-04 17:25:46.852,LINUX-JUMP-01,a.kim,1,node,"node",launchd,,,SHA256=000bbfb902c0b4f3000bbfb902c0b4f3000bbfb902c0b4f3000bbfb902c0b4f3
2026-02-04 17:36:13.541,WIN-HELPDESK-12,svc.export,1,sshd,"sshd",launchd,,,SHA256=000f19bd68c3b741000f19bd68c3b741000f19bd68c3b741000f19bd68c3b741
2026-02-04 17:47:35.602,LINUX-WEB-02,svc.sync,1,python3,"python3",launchd,,,SHA256=0017a4c05aa219c80017a4c05aa219c80017a4c05aa219c80017a4c05aa219c8
2026-02-04 17:57:27.345,WIN-FIN-WS17,svc-export,1,node,"node",systemd,,,SHA256=00117d70179aa7d500117d70179aa7d500117d70179aa7d500117d70179aa7d5
2026-02-04 18:00:46.798,WIN-FS01,svc-build,1,python3,"python3",cmd.exe,,,SHA256=0012d727395110d20012d727395110d20012d727395110d20012d727395110d2
2026-02-04 18:03:57.424,WIN-FS01,svc.sync,1,powershell.exe,"powershell.exe",cmd.exe,,,SHA256=000f01a820d6c33a000f01a820d6c33a000f01a820d6c33a000f01a820d6c33a
2026-02-04 18:08:28.844,K8S-NODE-01,svc.sync,1,node,"node",cmd.exe,,,SHA256=001d673d10d21296001d673d10d21296001d673d10d21296001d673d10d21296
2026-02-04 18:17:58.751,K8S-NODE-01,svc-export,1,sshd,"sshd",explorer.exe,,,SHA256=00123face53da04100123face53da04100123face53da04100123face53da041
2026-02-04 18:28:54.307,WIN-FS01,svc.sync,1,node,"node",cmd.exe,,,SHA256=000cc8efca021227000cc8efca021227000cc8efca021227000cc8efca021227
2026-02-04 18:37:58.969,LINUX-JUMP-01,d.holt,1,sshd,"sshd",launchd,,,SHA256=001cd756e7708bbe001cd756e7708bbe001cd756e7708bbe001cd756e7708bbe
2026-02-04 18:43:23.813,K8S-NODE-01,svc.sync,1,sshd,"sshd",explorer.exe,,,SHA256=0018d8b2da8dece40018d8b2da8dece40018d8b2da8dece40018d8b2da8dece4
2026-02-04 18:47:53.622,WIN-FS01,svc.export,1,outlook.exe,"outlook.exe",explorer.exe,,,SHA256=001797f8dc10df6a001797f8dc10df6a001797f8dc10df6a001797f8dc10df6a
2026-02-04 18:58:28.737,K8S-NODE-01,svc.export,1,outlook.exe,"outlook.exe",launchd,,,SHA256=001375c1aacc0773001375c1aacc0773001375c1aacc0773001375c1aacc0773
2026-02-04 19:05:34.067,LINUX-WEB-02,svc-build,1,outlook.exe,"outlook.exe",launchd,,,SHA256=000a2aa42d518bf6000a2aa42d518bf6000a2aa42d518bf6000a2aa42d518bf6
2026-02-04 19:08:25.611,WIN-FIN-WS17,svc-build,1,sshd,"sshd",explorer.exe,,,SHA256=0021881f967673fc0021881f967673fc0021881f967673fc0021881f967673fc
2026-02-04 19:12:00.051,WIN-FIN-WS17,svc.sync,1,slack.exe,"slack.exe",explorer.exe,,,SHA256=001d575ca1135272001d575ca1135272001d575ca1135272001d575ca1135272
2026-02-04 19:17:00.809,LINUX-JUMP-01,svc.sync,1,sshd,"sshd",cmd.exe,,,SHA256=002106ae198a3daa002106ae198a3daa002106ae198a3daa002106ae198a3daa
2026-02-04 19:22:09.580,K8S-NODE-01,a.kim,1,git,"git",launchd,,,SHA256=0017677ddc5a68df0017677ddc5a68df0017677ddc5a68df0017677ddc5a68df
2026-02-04 19:32:39.691,WIN-HELPDESK-12,svc-build,1,node,"node",cmd.exe,,,SHA256=0012f4787d65b55c0012f4787d65b55c0012f4787d65b55c0012f4787d65b55c
2026-02-04 19:37:09.315,WIN-FIN-WS17,svc.sync,1,python3,"python3",cmd.exe,,,SHA256=001ff186a72b8611001ff186a72b8611001ff186a72b8611001ff186a72b8611
2026-02-04 19:44:20.001,LINUX-JUMP-01,svc.sync,1,python3,"python3",systemd,,,SHA256=00066b8cbd13dbb100066b8cbd13dbb100066b8cbd13dbb100066b8cbd13dbb1
2026-02-04 19:54:49.367,WIN-FIN-WS17,svc-export,1,outlook.exe,"outlook.exe",cmd.exe,,,SHA256=000cd6fa07ed90c8000cd6fa07ed90c8000cd6fa07ed90c8000cd6fa07ed90c8
2026-02-04 20:05:04.960,WIN-HELPDESK-12,marina.ko,1,git,"git",launchd,,,SHA256=001f95aa7ff24436001f95aa7ff24436001f95aa7ff24436001f95aa7ff24436
2026-02-04 20:13:36.981,WIN-FIN-WS17,d.holt,1,git,"git",explorer.exe,,,SHA256=001034a45f856e11001034a45f856e11001034a45f856e11001034a45f856e11
2026-02-04 20:21:17.103,LINUX-WEB-02,svc.export,1,outlook.exe,"outlook.exe",explorer.exe,,,SHA256=001e9647b8060de8001e9647b8060de8001e9647b8060de8001e9647b8060de8
2026-02-04 20:24:04.225,K8S-NODE-01,marina.ko,1,sshd,"sshd",systemd,,,SHA256=001ad16dd529aad9001ad16dd529aad9001ad16dd529aad9001ad16dd529aad9
2026-02-04 20:35:09.536,LINUX-WEB-02,a.kim,1,git,"git",launchd,,,SHA256=000bba4e0954ccf0000bba4e0954ccf0000bba4e0954ccf0000bba4e0954ccf0
2026-02-04 20:45:55.426,WIN-FIN-WS17,svc.export,1,slack.exe,"slack.exe",launchd,,,SHA256=000765d2d47dfcd1000765d2d47dfcd1000765d2d47dfcd1000765d2d47dfcd1
2026-02-04 20:49:16.929,WIN-HELPDESK-12,svc-build,1,powershell.exe,"powershell.exe",cmd.exe,,,SHA256=001b6f1161ec819d001b6f1161ec819d001b6f1161ec819d001b6f1161ec819d
2026-02-04 20:58:20.729,WIN-FS01,d.holt,1,outlook.exe,"outlook.exe",systemd,,,SHA256=0008f3d9b123d6880008f3d9b123d6880008f3d9b123d6880008f3d9b123d688
2026-02-04 21:05:24.160,K8S-NODE-01,marina.ko,1,node,"node",explorer.exe,,,SHA256=001dd2e3c245f8a3001dd2e3c245f8a3001dd2e3c245f8a3001dd2e3c245f8a3
2026-02-04 21:16:32.754,WIN-FIN-WS17,svc.export,1,powershell.exe,"powershell.exe",systemd,,,SHA256=000a1f6a80578ac4000a1f6a80578ac4000a1f6a80578ac4000a1f6a80578ac4
2026-02-04 21:22:56.181,WIN-FS01,a.kim,1,sshd,"sshd",launchd,,,SHA256=001651ecbf663094001651ecbf663094001651ecbf663094001651ecbf663094
2026-02-04 21:33:23.984,WIN-FS01,svc-export,1,powershell.exe,"powershell.exe",explorer.exe,,,SHA256=0008ff654f39bb230008ff654f39bb230008ff654f39bb230008ff654f39bb23
2026-02-04 21:39:08.267,WIN-FIN-WS17,d.holt,1,chrome.exe,"chrome.exe",launchd,,,SHA256=0004ef088a79a09d0004ef088a79a09d0004ef088a79a09d0004ef088a79a09d
2026-02-04 21:49:33.122,LINUX-JUMP-01,svc-export,1,node,"node",launchd,,,SHA256=000b93e28e7c0df2000b93e28e7c0df2000b93e28e7c0df2000b93e28e7c0df2
2026-02-04 21:56:01.472,WIN-FIN-WS17,svc-export,1,chrome.exe,"chrome.exe",systemd,,,SHA256=00015304802a7c8400015304802a7c8400015304802a7c8400015304802a7c84
2026-02-04 22:00:49.277,K8S-NODE-01,marina.ko,1,sshd,"sshd",explorer.exe,,,SHA256=001fca15d4e5674b001fca15d4e5674b001fca15d4e5674b001fca15d4e5674b
2026-02-04 22:10:43.708,WIN-FIN-WS17,a.kim,1,python3,"python3",explorer.exe,,,SHA256=0002c3fc311651e10002c3fc311651e10002c3fc311651e10002c3fc311651e1
2026-02-04 22:19:33.478,WIN-FS01,svc.export,1,chrome.exe,"chrome.exe",cmd.exe,,,SHA256=000dae59178c2174000dae59178c2174000dae59178c2174000dae59178c2174
2026-02-04 22:23:02.505,WIN-HELPDESK-12,svc.sync,1,chrome.exe,"chrome.exe",cmd.exe,,,SHA256=001c4dcece419a9b001c4dcece419a9b001c4dcece419a9b001c4dcece419a9b
2026-02-04 22:31:57.638,WIN-FS01,svc-export,1,slack.exe,"slack.exe",launchd,,,SHA256=0015a2004fa100750015a2004fa100750015a2004fa100750015a2004fa10075
2026-02-04 22:38:31.136,K8S-NODE-01,svc.sync,1,git,"git",explorer.exe,,,SHA256=000be51f63ca20a4000be51f63ca20a4000be51f63ca20a4000be51f63ca20a4
2026-02-04 22:46:11.695,WIN-FIN-WS17,a.kim,1,slack.exe,"slack.exe",systemd,,,SHA256=001702db78b8dcfa001702db78b8dcfa001702db78b8dcfa001702db78b8dcfa
2026-02-04 22:57:35.407,WIN-FS01,svc-export,1,outlook.exe,"outlook.exe",systemd,,,SHA256=0011c8e4829f4ef70011c8e4829f4ef70011c8e4829f4ef70011c8e4829f4ef7
2026-02-04 23:07:30.312,WIN-FS01,marina.ko,1,chrome.exe,"chrome.exe",cmd.exe,,,SHA256=0011a9eae49b426a0011a9eae49b426a0011a9eae49b426a0011a9eae49b426a
2026-02-04 23:15:44.042,WIN-FS01,svc-build,1,git,"git",cmd.exe,,,SHA256=000f4e30ded3cbd0000f4e30ded3cbd0000f4e30ded3cbd0000f4e30ded3cbd0
2026-02-04 23:20:21.122,LINUX-WEB-02,svc.export,1,powershell.exe,"powershell.exe",explorer.exe,,,SHA256=0022156136297c460022156136297c460022156136297c460022156136297c46
2026-02-04 23:26:51.222,WIN-HELPDESK-12,svc.sync,1,node,"node",launchd,,,SHA256=001055463937f82c001055463937f82c001055463937f82c001055463937f82c
2026-02-04 23:35:57.131,K8S-NODE-01,svc.sync,1,powershell.exe,"powershell.exe",systemd,,,SHA256=0012550d0d6fcec60012550d0d6fcec60012550d0d6fcec60012550d0d6fcec6
2026-02-04 23:38:35.449,WIN-HELPDESK-12,marina.ko,1,chrome.exe,"chrome.exe",launchd,,,SHA256=0001f9d1807630830001f9d1807630830001f9d1807630830001f9d180763083
2026-02-04 23:48:26.532,WIN-FIN-WS17,svc.export,1,git,"git",launchd,,,SHA256=0005f779686cd6b10005f779686cd6b10005f779686cd6b10005f779686cd6b1
2026-02-04 23:57:24.555,K8S-NODE-01,a.kim,1,sshd,"sshd",cmd.exe,,,SHA256=00212d7d7b34eac400212d7d7b34eac400212d7d7b34eac400212d7d7b34eac4
2026-02-05 00:03:13.790,LINUX-JUMP-01,svc.sync,1,outlook.exe,"outlook.exe",launchd,,,SHA256=0010dc3e8eb04c7b0010dc3e8eb04c7b0010dc3e8eb04c7b0010dc3e8eb04c7b
2026-02-05 00:11:52.264,WIN-FS01,marina.ko,1,git,"git",explorer.exe,,,SHA256=001919268f190d8f001919268f190d8f001919268f190d8f001919268f190d8f
2026-02-05 00:22:56.485,LINUX-WEB-02,marina.ko,1,powershell.exe,"powershell.exe",explorer.exe,,,SHA256=0009df66e3bba6a30009df66e3bba6a30009df66e3bba6a30009df66e3bba6a3
2026-02-05 00:32:37.382,K8S-NODE-01,svc.export,1,sshd,"sshd",launchd,,,SHA256=00180ab36b191cb700180ab36b191cb700180ab36b191cb700180ab36b191cb7
2026-02-05 00:43:43.043,LINUX-JUMP-01,svc-export,1,outlook.exe,"outlook.exe",systemd,,,SHA256=001e09d8f979574d001e09d8f979574d001e09d8f979574d001e09d8f979574d
2026-02-05 00:48:12.284,K8S-NODE-01,marina.ko,1,git,"git",systemd,,,SHA256=0016b506b40f16f90016b506b40f16f90016b506b40f16f90016b506b40f16f9
2026-02-05 00:52:27.088,LINUX-WEB-02,svc.export,1,chrome.exe,"chrome.exe",launchd,,,SHA256=000ed0768cbca11d000ed0768cbca11d000ed0768cbca11d000ed0768cbca11d
2026-02-05 00:55:53.003,WIN-FIN-WS17,svc.sync,1,powershell.exe,"powershell.exe",explorer.exe,,,SHA256=001c2fbcf2d620f8001c2fbcf2d620f8001c2fbcf2d620f8001c2fbcf2d620f8
2026-02-05 01:05:54.785,WIN-FS01,d.holt,1,python3,"python3",explorer.exe,,,SHA256=000dc77468d03f55000dc77468d03f55000dc77468d03f55000dc77468d03f55
2026-02-05 01:13:18.857,WIN-FIN-WS17,marina.ko,1,outlook.exe,"outlook.exe",explorer.exe,,,SHA256=0004aecb16d2597b0004aecb16d2597b0004aecb16d2597b0004aecb16d2597b
2026-02-05 01:22:32.166,WIN-HELPDESK-12,svc-export,1,powershell.exe,"powershell.exe",systemd,,,SHA256=0015df8095de5d310015df8095de5d310015df8095de5d310015df8095de5d31
2026-02-05 01:33:55.161,WIN-HELPDESK-12,svc-export,1,chrome.exe,"chrome.exe",launchd,,,SHA256=002056bf36c572ea002056bf36c572ea002056bf36c572ea002056bf36c572ea
2026-02-05 01:42:00.058,WIN-FS01,marina.ko,1,git,"git",explorer.exe,,,SHA256=0014b2f7d85398810014b2f7d85398810014b2f7d85398810014b2f7d8539881
2026-02-05 01:49:28.207,K8S-NODE-01,svc-build,1,chrome.exe,"chrome.exe",launchd,,,SHA256=00022aab2ce5ee0400022aab2ce5ee0400022aab2ce5ee0400022aab2ce5ee04
2026-02-05 01:56:34.847,WIN-FS01,svc-export,1,slack.exe,"slack.exe",cmd.exe,,,SHA256=000e2b6018f80b86000e2b6018f80b86000e2b6018f80b86000e2b6018f80b86
2026-02-05 01:59:27.318,WIN-FIN-WS17,svc.sync,1,node,"node",explorer.exe,,,SHA256=00175bbbfa5311e500175bbbfa5311e500175bbbfa5311e500175bbbfa5311e5
2026-02-05 02:07:33.957,WIN-FIN-WS17,svc-build,1,python3,"python3",explorer.exe,,,SHA256=001f4bd6182e9a10001f4bd6182e9a10001f4bd6182e9a10001f4bd6182e9a10
2026-02-05 02:15:24.404,LINUX-WEB-02,marina.ko,1,python3,"python3",explorer.exe,,,SHA256=001c14444ca3fd36001c14444ca3fd36001c14444ca3fd36001c14444ca3fd36
2026-02-05 02:21:55.533,WIN-FS01,svc.export,1,node,"node",explorer.exe,,,SHA256=0006c0f48b38fdd60006c0f48b38fdd60006c0f48b38fdd60006c0f48b38fdd6
2026-02-05 02:26:27.077,WIN-FIN-WS17,a.kim,1,sshd,"sshd",explorer.exe,,,SHA256=00107a5757d36cb400107a5757d36cb400107a5757d36cb400107a5757d36cb4
2026-02-05 02:34:42.435,LINUX-JUMP-01,a.kim,1,python3,"python3",explorer.exe,,,SHA256=001b279e5a5f4e18001b279e5a5f4e18001b279e5a5f4e18001b279e5a5f4e18
2026-02-05 02:43:56.998,WIN-FS01,a.kim,1,outlook.exe,"outlook.exe",launchd,,,SHA256=000d365a933712e6000d365a933712e6000d365a933712e6000d365a933712e6
2026-02-05 02:48:31.299,WIN-FS01,svc.sync,1,slack.exe,"slack.exe",explorer.exe,,,SHA256=0012c7f0dca1fe720012c7f0dca1fe720012c7f0dca1fe720012c7f0dca1fe72
2026-02-05 02:58:10.771,LINUX-JUMP-01,svc.sync,1,outlook.exe,"outlook.exe",cmd.exe,,,SHA256=001797e45bc39d19001797e45bc39d19001797e45bc39d19001797e45bc39d19
2026-02-05 03:00:48.026,K8S-NODE-01,svc.sync,1,python3,"python3",systemd,,,SHA256=0015f64cdb4791010015f64cdb4791010015f64cdb4791010015f64cdb479101
2026-02-05 03:11:36.306,LINUX-WEB-02,svc-export,1,outlook.exe,"outlook.exe",systemd,,,SHA256=00021d669bc6c19d00021d669bc6c19d00021d669bc6c19d00021d669bc6c19d
2026-02-05 03:16:21.687,WIN-HELPDESK-12,svc.export,1,sshd,"sshd",systemd,,,SHA256=00037f6ab2c977bb00037f6ab2c977bb00037f6ab2c977bb00037f6ab2c977bb
2026-02-05 03:19:23.206,LINUX-WEB-02,svc-export,1,powershell.exe,"powershell.exe",systemd,,,SHA256=0020a79d62f5f3460020a79d62f5f3460020a79d62f5f3460020a79d62f5f346
2026-02-05 03:22:09.470,LINUX-JUMP-01,svc-export,1,python3,"python3",explorer.exe,,,SHA256=000ecf6935c7e109000ecf6935c7e109000ecf6935c7e109000ecf6935c7e109
2026-02-05 03:31:21.361,LINUX-JUMP-01,d.holt,1,node,"node",cmd.exe,,,SHA256=0004ced69c06961b0004ced69c06961b0004ced69c06961b0004ced69c06961b
2026-02-05 03:41:55.905,LINUX-JUMP-01,svc.sync,1,sshd,"sshd",launchd,,,SHA256=001441bd3cf26ba9001441bd3cf26ba9001441bd3cf26ba9001441bd3cf26ba9
2026-02-05 03:52:47.553,LINUX-WEB-02,svc.sync,1,powershell.exe,"powershell.exe",cmd.exe,,,SHA256=0021affaab6bd1620021affaab6bd1620021affaab6bd1620021affaab6bd162
2026-02-05 04:00:50.237,LINUX-JUMP-01,a.kim,1,slack.exe,"slack.exe",systemd,,,SHA256=0007e3bc21e7fdc10007e3bc21e7fdc10007e3bc21e7fdc10007e3bc21e7fdc1
2026-02-05 04:05:55.503,K8S-NODE-01,d.holt,1,powershell.exe,"powershell.exe",launchd,,,SHA256=0001b64502b55ad00001b64502b55ad00001b64502b55ad00001b64502b55ad0
2026-02-05 04:09:56.438,LINUX-JUMP-01,svc.export,1,node,"node",explorer.exe,,,SHA256=000912b3c5e43b45000912b3c5e43b45000912b3c5e43b45000912b3c5e43b45
2026-02-05 04:15:10.407,LINUX-WEB-02,marina.ko,1,outlook.exe,"outlook.exe",launchd,,,SHA256=00146342385ad70b00146342385ad70b00146342385ad70b00146342385ad70b
2026-02-05 04:20:50.972,LINUX-WEB-02,svc-build,1,git,"git",systemd,,,SHA256=001185b7be8b578d001185b7be8b578d001185b7be8b578d001185b7be8b578d
2026-02-05 04:28:44.648,K8S-NODE-01,d.holt,1,outlook.exe,"outlook.exe",systemd,,,SHA256=001ebabfb88aab63001ebabfb88aab63001ebabfb88aab63001ebabfb88aab63
2026-02-05 04:36:34.063,WIN-FS01,marina.ko,1,git,"git",systemd,,,SHA256=00145eb67d9b3e3100145eb67d9b3e3100145eb67d9b3e3100145eb67d9b3e31
2026-02-05 04:41:16.993,LINUX-WEB-02,svc.sync,1,chrome.exe,"chrome.exe",cmd.exe,,,SHA256=0002d243791e5cd00002d243791e5cd00002d243791e5cd00002d243791e5cd0
2026-02-05 04:51:00.829,K8S-NODE-01,svc.sync,1,powershell.exe,"powershell.exe",launchd,,,SHA256=00077aad86af4f2600077aad86af4f2600077aad86af4f2600077aad86af4f26
2026-02-05 04:53:53.190,WIN-HELPDESK-12,marina.ko,1,chrome.exe,"chrome.exe",cmd.exe,,,SHA256=000136a7a608d82d000136a7a608d82d000136a7a608d82d000136a7a608d82d
2026-02-05 05:00:29.269,LINUX-WEB-02,a.kim,1,outlook.exe,"outlook.exe",launchd,,,SHA256=000bbd4c90f92a1d000bbd4c90f92a1d000bbd4c90f92a1d000bbd4c90f92a1d
2026-02-05 05:11:51.536,WIN-FS01,svc-export,1,slack.exe,"slack.exe",systemd,,,SHA256=001f393eb3153fb5001f393eb3153fb5001f393eb3153fb5001f393eb3153fb5
2026-02-05 05:15:42.729,WIN-FIN-WS17,marina.ko,1,git,"git",launchd,,,SHA256=001ccc65703b4519001ccc65703b4519001ccc65703b4519001ccc65703b4519
2026-02-05 05:22:12.579,WIN-FIN-WS17,svc.sync,1,sshd,"sshd",launchd,,,SHA256=00106afe18c919bd00106afe18c919bd00106afe18c919bd00106afe18c919bd
2026-02-05 05:27:55.084,LINUX-JUMP-01,marina.ko,1,slack.exe,"slack.exe",launchd,,,SHA256=001cd6bb99cc4a51001cd6bb99cc4a51001cd6bb99cc4a51001cd6bb99cc4a51
2026-02-05 05:36:57.780,WIN-FS01,d.holt,1,chrome.exe,"chrome.exe",systemd,,,SHA256=0011bd498fe5fcb20011bd498fe5fcb20011bd498fe5fcb20011bd498fe5fcb2
2026-02-05 05:40:47.507,LINUX-WEB-02,marina.ko,1,chrome.exe,"chrome.exe",explorer.exe,,,SHA256=002132e1a8137948002132e1a8137948002132e1a8137948002132e1a8137948
2026-02-05 05:43:57.540,WIN-FIN-WS17,marina.ko,1,sshd,"sshd",cmd.exe,,,SHA256=002008dfa0611454002008dfa0611454002008dfa0611454002008dfa0611454
2026-02-05 05:46:56.308,LINUX-JUMP-01,marina.ko,1,outlook.exe,"outlook.exe",cmd.exe,,,SHA256=00185ae13c58872800185ae13c58872800185ae13c58872800185ae13c588728
2026-02-05 05:51:54.668,WIN-FIN-WS17,svc-build,1,chrome.exe,"chrome.exe",systemd,,,SHA256=001f1e2f1b7c1c33001f1e2f1b7c1c33001f1e2f1b7c1c33001f1e2f1b7c1c33
2026-02-05 05:57:51.978,LINUX-WEB-02,marina.ko,1,sshd,"sshd",launchd,,,SHA256=00231a4d36c1ba6600231a4d36c1ba6600231a4d36c1ba6600231a4d36c1ba66
2026-02-05 06:04:04.958,K8S-NODE-01,svc.sync,1,sshd,"sshd",cmd.exe,,,SHA256=0017366ccac2ab690017366ccac2ab690017366ccac2ab690017366ccac2ab69
2026-02-05 06:12:20.155,K8S-NODE-01,svc.sync,1,powershell.exe,"powershell.exe",cmd.exe,,,SHA256=00199437ad763d9100199437ad763d9100199437ad763d9100199437ad763d91
2026-02-05 06:19:02.179,WIN-HELPDESK-12,marina.ko,1,git,"git",systemd,,,SHA256=0022135488e1ed980022135488e1ed980022135488e1ed980022135488e1ed98
2026-02-05 06:29:15.905,WIN-FS01,svc.sync,1,chrome.exe,"chrome.exe",launchd,,,SHA256=00124efc21e2e57c00124efc21e2e57c00124efc21e2e57c00124efc21e2e57c
2026-02-05 06:38:30.416,LINUX-JUMP-01,marina.ko,1,powershell.exe,"powershell.exe",cmd.exe,,,SHA256=00149214e484252400149214e484252400149214e484252400149214e4842524
2026-02-05 06:41:13.293,WIN-HELPDESK-12,svc.sync,1,git,"git",launchd,,,SHA256=000b19f945b4e68e000b19f945b4e68e000b19f945b4e68e000b19f945b4e68e
2026-02-05 06:47:32.313,LINUX-JUMP-01,marina.ko,1,powershell.exe,"powershell.exe",cmd.exe,,,SHA256=00168f34875192b300168f34875192b300168f34875192b300168f34875192b3
2026-02-05 06:57:52.870,K8S-NODE-01,d.holt,1,outlook.exe,"outlook.exe",explorer.exe,,,SHA256=000da2da47653568000da2da47653568000da2da47653568000da2da47653568
2026-02-05 07:05:37.390,WIN-FIN-WS17,svc-build,1,git,"git",systemd,,,SHA256=000f3442bd109de4000f3442bd109de4000f3442bd109de4000f3442bd109de4
2026-02-05 07:14:40.307,WIN-FIN-WS17,svc.export,1,outlook.exe,"outlook.exe",systemd,,,SHA256=001d8997add08eb7001d8997add08eb7001d8997add08eb7001d8997add08eb7
2026-02-05 07:22:40.249,LINUX-JUMP-01,svc-export,1,chrome.exe,"chrome.exe",launchd,,,SHA256=0022013c9b2e5b4e0022013c9b2e5b4e0022013c9b2e5b4e0022013c9b2e5b4e
2026-02-05 07:27:10.059,K8S-NODE-01,marina.ko,1,node,"node",cmd.exe,,,SHA256=001bcdc304ce625a001bcdc304ce625a001bcdc304ce625a001bcdc304ce625a
2026-02-05 07:37:14.096,K8S-NODE-01,svc.export,1,chrome.exe,"chrome.exe",launchd,,,SHA256=0010e6feecc8cbbb0010e6feecc8cbbb0010e6feecc8cbbb0010e6feecc8cbbb
2026-02-05 07:48:38.543,WIN-HELPDESK-12,marina.ko,1,node,"node",cmd.exe,,,SHA256=001b5f52182b1db7001b5f52182b1db7001b5f52182b1db7001b5f52182b1db7
2026-02-05 07:57:30.635,K8S-NODE-01,svc.export,1,outlook.exe,"outlook.exe",launchd,,,SHA256=0018960c7ae670a40018960c7ae670a40018960c7ae670a40018960c7ae670a4
2026-02-05 08:06:31.942,WIN-FIN-WS17,d.holt,1,sshd,"sshd",launchd,,,SHA256=00012b7dd94e915800012b7dd94e915800012b7dd94e915800012b7dd94e9158
2026-02-05 08:17:13.002,WIN-HELPDESK-12,svc-export,1,slack.exe,"slack.exe",systemd,,,SHA256=0010e2e68ecd11ef0010e2e68ecd11ef0010e2e68ecd11ef0010e2e68ecd11ef
2026-02-05 08:21:24.386,LINUX-WEB-02,svc.export,1,outlook.exe,"outlook.exe",systemd,,,SHA256=00196af662db6dcb00196af662db6dcb00196af662db6dcb00196af662db6dcb
2026-02-05 08:26:34.062,K8S-NODE-01,d.holt,1,chrome.exe,"chrome.exe",explorer.exe,,,SHA256=000642823d07d0e5000642823d07d0e5000642823d07d0e5000642823d07d0e5
2026-02-05 08:29:22.873,WIN-HELPDESK-12,svc.export,1,git,"git",explorer.exe,,,SHA256=0007810ea12613ba0007810ea12613ba0007810ea12613ba0007810ea12613ba
2026-02-05 08:36:07.987,WIN-HELPDESK-12,d.holt,1,chrome.exe,"chrome.exe",systemd,,,SHA256=0020b4329d35e4780020b4329d35e4780020b4329d35e4780020b4329d35e478
2026-02-05 08:43:45.924,LINUX-JUMP-01,marina.ko,1,node,"node",systemd,,,SHA256=000463c146c03348000463c146c03348000463c146c03348000463c146c03348
2026-02-05 08:49:28.671,K8S-NODE-01,svc-export,1,chrome.exe,"chrome.exe",systemd,,,SHA256=001146361a7c9ab6001146361a7c9ab6001146361a7c9ab6001146361a7c9ab6
2026-02-05 08:59:03.585,LINUX-JUMP-01,svc.sync,1,chrome.exe,"chrome.exe",launchd,,,SHA256=0014c55b1f0af6ad0014c55b1f0af6ad0014c55b1f0af6ad0014c55b1f0af6ad
2026-02-05 09:03:04.164,WIN-HELPDESK-12,d.holt,1,sshd,"sshd",launchd,,,SHA256=00161e2151347b8700161e2151347b8700161e2151347b8700161e2151347b87
2026-02-05 09:08:17.026,K8S-NODE-01,svc.export,1,sshd,"sshd",cmd.exe,,,SHA256=002083921fe5b414002083921fe5b414002083921fe5b414002083921fe5b414
2026-02-05 09:16:01.929,K8S-NODE-01,marina.ko,1,python3,"python3",launchd,,,SHA256=0020ba3d1431a8ae0020ba3d1431a8ae0020ba3d1431a8ae0020ba3d1431a8ae
2026-02-05 09:18:56.595,WIN-FS01,a.kim,1,sshd,"sshd",launchd,,,SHA256=001e85fb6e2462b2001e85fb6e2462b2001e85fb6e2462b2001e85fb6e2462b2
2026-02-05 09:21:55.351,WIN-HELPDESK-12,svc-export,1,chrome.exe,"chrome.exe",systemd,,,SHA256=00154239e4a5d6fc00154239e4a5d6fc00154239e4a5d6fc00154239e4a5d6fc
2026-02-05 09:31:47.825,WIN-HELPDESK-12,marina.ko,1,python3,"python3",cmd.exe,,,SHA256=001f3358e36d4f29001f3358e36d4f29001f3358e36d4f29001f3358e36d4f29
2026-02-05 09:38:47.554,WIN-FS01,d.holt,1,python3,"python3",cmd.exe,,,SHA256=001c55e11aad7cd7001c55e11aad7cd7001c55e11aad7cd7001c55e11aad7cd7
2026-02-05 09:41:55.514,WIN-FIN-WS17,a.kim,1,outlook.exe,"outlook.exe",launchd,,,SHA256=000886f3400dcb1e000886f3400dcb1e000886f3400dcb1e000886f3400dcb1e
2026-02-05 09:52:24.204,LINUX-JUMP-01,d.holt,1,chrome.exe,"chrome.exe",explorer.exe,,,SHA256=0009aa28988a11ed0009aa28988a11ed0009aa28988a11ed0009aa28988a11ed
2026-02-05 09:59:26.609,WIN-FIN-WS17,a.kim,1,slack.exe,"slack.exe",cmd.exe,,,SHA256=001f6f78bd0ed417001f6f78bd0ed417001f6f78bd0ed417001f6f78bd0ed417
2026-02-05 10:05:32.606,WIN-HELPDESK-12,svc.sync,1,outlook.exe,"outlook.exe",explorer.exe,,,SHA256=0013c69288d27c330013c69288d27c330013c69288d27c330013c69288d27c33
2026-02-05 10:11:33.273,WIN-HELPDESK-12,a.kim,1,node,"node",cmd.exe,,,SHA256=000ad4e764e9ed99000ad4e764e9ed99000ad4e764e9ed99000ad4e764e9ed99
2026-02-05 10:16:00.013,WIN-HELPDESK-12,svc-build,1,outlook.exe,"outlook.exe",systemd,,,SHA256=00231c678caf062400231c678caf062400231c678caf062400231c678caf0624
2026-02-05 10:24:28.118,LINUX-JUMP-01,a.kim,1,sshd,"sshd",systemd,,,SHA256=0020b6726a5aaa820020b6726a5aaa820020b6726a5aaa820020b6726a5aaa82
2026-02-05 10:27:49.724,K8S-NODE-01,a.kim,1,powershell.exe,"powershell.exe",launchd,,,SHA256=00068d2e124a7a3600068d2e124a7a3600068d2e124a7a3600068d2e124a7a36
2026-02-05 10:32:04.235,LINUX-WEB-02,d.holt,1,chrome.exe,"chrome.exe",launchd,,,SHA256=00187d64d03aa1a100187d64d03aa1a100187d64d03aa1a100187d64d03aa1a1
2026-02-05 10:37:09.131,LINUX-JUMP-01,a.kim,1,slack.exe,"slack.exe",launchd,,,SHA256=001dcc8d6c7e3f9f001dcc8d6c7e3f9f001dcc8d6c7e3f9f001dcc8d6c7e3f9f
2026-02-05 10:47:03.242,WIN-FIN-WS17,svc-export,1,slack.exe,"slack.exe",explorer.exe,,,SHA256=0020f0fd4fccc99e0020f0fd4fccc99e0020f0fd4fccc99e0020f0fd4fccc99e
2026-02-05 10:53:49.524,LINUX-WEB-02,marina.ko,1,slack.exe,"slack.exe",systemd,,,SHA256=00218a45c421944800218a45c421944800218a45c421944800218a45c4219448
2026-02-05 10:56:35.236,WIN-FS01,svc-export,1,sshd,"sshd",explorer.exe,,,SHA256=0014c788c74a78070014c788c74a78070014c788c74a78070014c788c74a7807
2026-02-05 11:05:53.090,WIN-HELPDESK-12,marina.ko,1,chrome.exe,"chrome.exe",systemd,,,SHA256=001c7232ac02400f001c7232ac02400f001c7232ac02400f001c7232ac02400f
2026-02-05 11:11:25.133,LINUX-JUMP-01,svc.export,1,node,"node",systemd,,,SHA256=001029e0a92a7fb7001029e0a92a7fb7001029e0a92a7fb7001029e0a92a7fb7
2026-02-05 11:21:48.154,WIN-HELPDESK-12,svc-build,1,sshd,"sshd",cmd.exe,,,SHA256=000ef3f4ba065d43000ef3f4ba065d43000ef3f4ba065d43000ef3f4ba065d43
2026-02-05 11:31:40.514,WIN-FIN-WS17,svc-export,1,node,"node",systemd,,,SHA256=0001c35b9aa22a6e0001c35b9aa22a6e0001c35b9aa22a6e0001c35b9aa22a6e
2026-02-05 11:36:09.347,LINUX-JUMP-01,a.kim,1,node,"node",explorer.exe,,,SHA256=0006ad97ba8d125b0006ad97ba8d125b0006ad97ba8d125b0006ad97ba8d125b
2026-02-05 11:41:26.718,LINUX-WEB-02,a.kim,1,python3,"python3",launchd,,,SHA256=0004aa64246e09ad0004aa64246e09ad0004aa64246e09ad0004aa64246e09ad
2026-02-05 11:46:25.001,LINUX-JUMP-01,svc.sync,1,chrome.exe,"chrome.exe",launchd,,,SHA256=001f402e434358f8001f402e434358f8001f402e434358f8001f402e434358f8
2026-02-05 11:50:35.555,WIN-HELPDESK-12,svc-build,1,git,"git",launchd,,,SHA256=0004a8eb7ac8dad10004a8eb7ac8dad10004a8eb7ac8dad10004a8eb7ac8dad1
2026-02-05 11:58:09.702,K8S-NODE-01,svc-export,1,sshd,"sshd",cmd.exe,,,SHA256=000ebe0a76532e1d000ebe0a76532e1d000ebe0a76532e1d000ebe0a76532e1d
2026-02-05 12:08:04.621,LINUX-WEB-02,svc-export,1,sshd,"sshd",launchd,,,SHA256=00215f8e283bfa7200215f8e283bfa7200215f8e283bfa7200215f8e283bfa72
2026-02-05 12:13:05.561,WIN-FS01,svc-export,1,slack.exe,"slack.exe",cmd.exe,,,SHA256=0021331f5ed3c7ac0021331f5ed3c7ac0021331f5ed3c7ac0021331f5ed3c7ac
2026-02-05 12:16:24.843,WIN-HELPDESK-12,a.kim,1,python3,"python3",explorer.exe,,,SHA256=001c8034f88e22fc001c8034f88e22fc001c8034f88e22fc001c8034f88e22fc
2026-02-05 12:19:51.369,K8S-NODE-01,svc-build,1,outlook.exe,"outlook.exe",explorer.exe,,,SHA256=000293f17529ab22000293f17529ab22000293f17529ab22000293f17529ab22
2026-02-05 12:26:44.489,LINUX-WEB-02,a.kim,1,powershell.exe,"powershell.exe",launchd,,,SHA256=000b013d5621728d000b013d5621728d000b013d5621728d000b013d5621728d
2026-02-05 12:37:44.460,WIN-FIN-WS17,svc-build,1,node,"node",cmd.exe,,,SHA256=0012e20ba731c1950012e20ba731c1950012e20ba731c1950012e20ba731c195
2026-02-05 12:47:18.514,K8S-NODE-01,svc-build,1,slack.exe,"slack.exe",launchd,,,SHA256=00192da2efe1f41000192da2efe1f41000192da2efe1f41000192da2efe1f410
2026-02-05 12:54:55.696,LINUX-JUMP-01,a.kim,1,slack.exe,"slack.exe",systemd,,,SHA256=000b427b6dbac4ec000b427b6dbac4ec000b427b6dbac4ec000b427b6dbac4ec
2026-02-05 13:00:02.728,LINUX-WEB-02,marina.ko,1,chrome.exe,"chrome.exe",systemd,,,SHA256=0000e351d4ea27990000e351d4ea27990000e351d4ea27990000e351d4ea2799
2026-02-05 13:06:03.633,LINUX-WEB-02,svc.export,1,chrome.exe,"chrome.exe",systemd,,,SHA256=0008a6a7628aa2600008a6a7628aa2600008a6a7628aa2600008a6a7628aa260
2026-02-05 13:09:12.916,WIN-HELPDESK-12,a.kim,1,git,"git",cmd.exe,,,SHA256=0019f10abcbc46020019f10abcbc46020019f10abcbc46020019f10abcbc4602
2026-02-05 13:19:29.552,WIN-FIN-WS17,marina.ko,1,chrome.exe,"chrome.exe",systemd,,,SHA256=00144602061cae3200144602061cae3200144602061cae3200144602061cae32
2026-02-05 13:28:59.637,LINUX-WEB-02,a.kim,1,python3,"python3",explorer.exe,,,SHA256=0021433979353bc40021433979353bc40021433979353bc40021433979353bc4
2026-02-05 13:33:40.656,WIN-FIN-WS17,marina.ko,1,sshd,"sshd",launchd,,,SHA256=001f2c9d55dfc4ad001f2c9d55dfc4ad001f2c9d55dfc4ad001f2c9d55dfc4ad
2026-02-05 13:44:10.080,LINUX-JUMP-01,marina.ko,1,sshd,"sshd",cmd.exe,,,SHA256=000c8ab9ecc9971a000c8ab9ecc9971a000c8ab9ecc9971a000c8ab9ecc9971a
2026-02-05 13:52:44.362,WIN-HELPDESK-12,svc.sync,1,git,"git",cmd.exe,,,SHA256=00130e4703dab45d00130e4703dab45d00130e4703dab45d00130e4703dab45d
2026-02-05 13:59:58.962,WIN-FIN-WS17,svc-build,1,powershell.exe,"powershell.exe",launchd,,,SHA256=00118105c858e55300118105c858e55300118105c858e55300118105c858e553
2026-02-05 14:10:22.243,LINUX-WEB-02,d.holt,1,powershell.exe,"powershell.exe",explorer.exe,,,SHA256=000e04690bd08d8e000e04690bd08d8e000e04690bd08d8e000e04690bd08d8e
2026-02-05 14:14:31.092,LINUX-WEB-02,svc.sync,1,slack.exe,"slack.exe",launchd,,,SHA256=001e67d78a6a3b76001e67d78a6a3b76001e67d78a6a3b76001e67d78a6a3b76
2026-02-05 14:24:47.803,WIN-FIN-WS17,svc.sync,1,slack.exe,"slack.exe",launchd,,,SHA256=001294f85f68b30a001294f85f68b30a001294f85f68b30a001294f85f68b30a
2026-02-05 14:35:48.839,WIN-HELPDESK-12,svc.export,1,node,"node",systemd,,,SHA256=0002f4ace3dbe61b0002f4ace3dbe61b0002f4ace3dbe61b0002f4ace3dbe61b
2026-02-05 14:42:37.887,K8S-NODE-01,svc.export,1,slack.exe,"slack.exe",systemd,,,SHA256=00050ee2cc19c80e00050ee2cc19c80e00050ee2cc19c80e00050ee2cc19c80e
2026-02-05 14:46:18.372,WIN-FS01,marina.ko,1,powershell.exe,"powershell.exe",explorer.exe,,,SHA256=000aede474b57c86000aede474b57c86000aede474b57c86000aede474b57c86
2026-02-05 14:55:03.154,LINUX-JUMP-01,d.holt,1,node,"node",systemd,,,SHA256=0003007b3b00d78c0003007b3b00d78c0003007b3b00d78c0003007b3b00d78c
2026-02-05 15:00:59.162,LINUX-JUMP-01,a.kim,1,node,"node",systemd,,,SHA256=0006c69fc2eed3070006c69fc2eed3070006c69fc2eed3070006c69fc2eed307
2026-02-05 15:11:48.670,WIN-FS01,marina.ko,1,outlook.exe,"outlook.exe",systemd,,,SHA256=000e368c88b650a6000e368c88b650a6000e368c88b650a6000e368c88b650a6
2026-02-05 15:20:01.866,K8S-NODE-01,d.holt,1,outlook.exe,"outlook.exe",explorer.exe,,,SHA256=000d704b7f948890000d704b7f948890000d704b7f948890000d704b7f948890
2026-02-05 15:30:11.303,K8S-NODE-01,svc-export,1,node,"node",cmd.exe,,,SHA256=00227cac5b71b46a00227cac5b71b46a00227cac5b71b46a00227cac5b71b46a
2026-02-05 15:37:30.339,WIN-FIN-WS17,d.holt,1,slack.exe,"slack.exe",cmd.exe,,,SHA256=000cc1cf25b62b96000cc1cf25b62b96000cc1cf25b62b96000cc1cf25b62b96
2026-02-05 15:44:06.217,WIN-HELPDESK-12,svc.export,1,outlook.exe,"outlook.exe",launchd,,,SHA256=00085ed44cf010c800085ed44cf010c800085ed44cf010c800085ed44cf010c8
2026-02-05 15:48:04.130,LINUX-JUMP-01,svc-export,1,powershell.exe,"powershell.exe",launchd,,,SHA256=00222946e1dd322c00222946e1dd322c00222946e1dd322c00222946e1dd322c
2026-02-05 15:53:10.408,LINUX-JUMP-01,svc-export,1,sshd,"sshd",explorer.exe,,,SHA256=000de854064ea4da000de854064ea4da000de854064ea4da000de854064ea4da
2026-02-05 15:57:28.467,WIN-HELPDESK-12,svc-build,1,chrome.exe,"chrome.exe",systemd,,,SHA256=00228a47f322415c00228a47f322415c00228a47f322415c00228a47f322415c
2026-02-05 16:01:36.816,WIN-FS01,d.holt,1,outlook.exe,"outlook.exe",explorer.exe,,,SHA256=00180259bea04a5700180259bea04a5700180259bea04a5700180259bea04a57
2026-02-05 16:11:59.337,LINUX-WEB-02,svc-export,1,python3,"python3",explorer.exe,,,SHA256=0015b326ccfe7fc70015b326ccfe7fc70015b326ccfe7fc70015b326ccfe7fc7
2026-02-05 16:22:28.220,WIN-FIN-WS17,d.holt,1,python3,"python3",launchd,,,SHA256=00150bec9f1c804e00150bec9f1c804e00150bec9f1c804e00150bec9f1c804e
2026-02-05 16:27:41.911,K8S-NODE-01,svc.export,1,slack.exe,"slack.exe",cmd.exe,,,SHA256=001e0eb862ceef7e001e0eb862ceef7e001e0eb862ceef7e001e0eb862ceef7e
2026-02-05 16:33:45.690,WIN-HELPDESK-12,svc.sync,1,python3,"python3",systemd,,,SHA256=0006b3cbe454332a0006b3cbe454332a0006b3cbe454332a0006b3cbe454332a
2026-02-05 16:37:01.178,WIN-FS01,a.kim,1,node,"node",systemd,,,SHA256=001bf4144ebd0b22001bf4144ebd0b22001bf4144ebd0b22001bf4144ebd0b22
2026-02-05 16:47:42.056,WIN-FS01,marina.ko,1,node,"node",explorer.exe,,,SHA256=001a6d892bd89de7001a6d892bd89de7001a6d892bd89de7001a6d892bd89de7
2026-02-05 16:52:34.282,WIN-FS01,a.kim,1,python3,"python3",explorer.exe,,,SHA256=00167a565075223900167a565075223900167a565075223900167a5650752239
2026-02-05 17:01:16.424,LINUX-WEB-02,marina.ko,1,outlook.exe,"outlook.exe",systemd,,,SHA256=0010fe6b0be7e08e0010fe6b0be7e08e0010fe6b0be7e08e0010fe6b0be7e08e
2026-02-05 17:03:54.675,WIN-HELPDESK-12,marina.ko,1,sshd,"sshd",cmd.exe,,,SHA256=0020a200d03230d20020a200d03230d20020a200d03230d20020a200d03230d2
2026-02-05 17:09:01.433,LINUX-WEB-02,svc.sync,1,node,"node",explorer.exe,,,SHA256=00050b5269b727f800050b5269b727f800050b5269b727f800050b5269b727f8
2026-02-05 17:17:28.832,LINUX-JUMP-01,marina.ko,1,outlook.exe,"outlook.exe",cmd.exe,,,SHA256=000153c97be22e59000153c97be22e59000153c97be22e59000153c97be22e59
2026-02-05 17:28:00.552,K8S-NODE-01,a.kim,1,python3,"python3",cmd.exe,,,SHA256=00150d59370182c300150d59370182c300150d59370182c300150d59370182c3
2026-02-05 17:38:26.898,WIN-HELPDESK-12,a.kim,1,outlook.exe,"outlook.exe",explorer.exe,,,SHA256=0009cde92e1e0fbe0009cde92e1e0fbe0009cde92e1e0fbe0009cde92e1e0fbe
2026-02-05 17:47:28.352,WIN-FIN-WS17,marina.ko,1,node,"node",explorer.exe,,,SHA256=0019a93d350cbf8f0019a93d350cbf8f0019a93d350cbf8f0019a93d350cbf8f
2026-02-05 17:51:59.248,WIN-FIN-WS17,svc.sync,1,powershell.exe,"powershell.exe",launchd,,,SHA256=001e1c76f280f8c4001e1c76f280f8c4001e1c76f280f8c4001e1c76f280f8c4
2026-02-05 18:01:52.298,WIN-HELPDESK-12,svc-build,1,node,"node",explorer.exe,,,SHA256=000c2b9c3841f07c000c2b9c3841f07c000c2b9c3841f07c000c2b9c3841f07c
2026-02-05 18:06:51.592,WIN-FIN-WS17,marina.ko,1,slack.exe,"slack.exe",cmd.exe,,,SHA256=00174cbdcc0658a600174cbdcc0658a600174cbdcc0658a600174cbdcc0658a6
2026-02-05 18:14:30.250,LINUX-WEB-02,marina.ko,1,powershell.exe,"powershell.exe",launchd,,,SHA256=001f7a66c65b6fe7001f7a66c65b6fe7001f7a66c65b6fe7001f7a66c65b6fe7
2026-02-05 18:18:01.854,WIN-HELPDESK-12,a.kim,1,outlook.exe,"outlook.exe",explorer.exe,,,SHA256=001b87f91625edf0001b87f91625edf0001b87f91625edf0001b87f91625edf0
2026-02-05 18:28:03.473,LINUX-WEB-02,svc-export,1,outlook.exe,"outlook.exe",explorer.exe,,,SHA256=00014281d45d826100014281d45d826100014281d45d826100014281d45d8261
2026-02-05 18:38:22.702,LINUX-WEB-02,svc.sync,1,git,"git",systemd,,,SHA256=001f3f69b458ed9a001f3f69b458ed9a001f3f69b458ed9a001f3f69b458ed9a
2026-02-05 18:46:00.589,WIN-HELPDESK-12,svc.export,1,outlook.exe,"outlook.exe",launchd,,,SHA256=0016b1077f96f1f30016b1077f96f1f30016b1077f96f1f30016b1077f96f1f3
2026-02-05 18:53:24.216,WIN-FS01,d.holt,1,slack.exe,"slack.exe",cmd.exe,,,SHA256=0003e499dbb3c9660003e499dbb3c9660003e499dbb3c9660003e499dbb3c966
2026-02-05 18:57:53.524,WIN-FIN-WS17,a.kim,1,slack.exe,"slack.exe",cmd.exe,,,SHA256=0012722fa6213e900012722fa6213e900012722fa6213e900012722fa6213e90
2026-02-05 19:04:11.812,K8S-NODE-01,svc.sync,1,slack.exe,"slack.exe",explorer.exe,,,SHA256=0003b0123163517d0003b0123163517d0003b0123163517d0003b0123163517d
2026-02-05 19:10:02.124,WIN-HELPDESK-12,svc.export,1,powershell.exe,"powershell.exe",launchd,,,SHA256=000177f06e0e3fd8000177f06e0e3fd8000177f06e0e3fd8000177f06e0e3fd8
2026-02-05 19:18:45.163,LINUX-JUMP-01,a.kim,1,chrome.exe,"chrome.exe",cmd.exe,,,SHA256=0006a2ec16c42d470006a2ec16c42d470006a2ec16c42d470006a2ec16c42d47
2026-02-05 19:24:29.755,LINUX-JUMP-01,a.kim,1,node,"node",cmd.exe,,,SHA256=00132f877621541500132f877621541500132f877621541500132f8776215415
2026-02-05 19:28:04.490,LINUX-JUMP-01,a.kim,1,python3,"python3",launchd,,,SHA256=00218608f155e78a00218608f155e78a00218608f155e78a00218608f155e78a
2026-02-05 19:38:27.811,WIN-FS01,marina.ko,1,git,"git",cmd.exe,,,SHA256=00229b0bde84787200229b0bde84787200229b0bde84787200229b0bde847872
2026-02-05 19:49:21.205,LINUX-WEB-02,marina.ko,1,python3,"python3",systemd,,,SHA256=0017ad24e09b09c50017ad24e09b09c50017ad24e09b09c50017ad24e09b09c5
2026-02-05 19:58:32.683,LINUX-WEB-02,svc-build,1,python3,"python3",systemd,,,SHA256=000ea5e5f3d9e677000ea5e5f3d9e677000ea5e5f3d9e677000ea5e5f3d9e677
2026-02-05 20:02:50.535,WIN-HELPDESK-12,svc.sync,1,powershell.exe,"powershell.exe",cmd.exe,,,SHA256=000e7d13784702cc000e7d13784702cc000e7d13784702cc000e7d13784702cc
2026-02-05 20:08:54.376,WIN-HELPDESK-12,svc.export,1,git,"git",cmd.exe,,,SHA256=00078b83c66d12cc00078b83c66d12cc00078b83c66d12cc00078b83c66d12cc
2026-02-05 20:14:54.359,WIN-HELPDESK-12,svc-build,1,slack.exe,"slack.exe",explorer.exe,,,SHA256=001630f14929d4a7001630f14929d4a7001630f14929d4a7001630f14929d4a7
2026-02-05 20:24:21.566,LINUX-JUMP-01,d.holt,1,git,"git",explorer.exe,,,SHA256=0000095e9336292c0000095e9336292c0000095e9336292c0000095e9336292c
2026-02-05 20:35:03.132,LINUX-WEB-02,svc-export,1,slack.exe,"slack.exe",launchd,,,SHA256=0016fe55d855c5a60016fe55d855c5a60016fe55d855c5a60016fe55d855c5a6
2026-02-05 20:43:03.542,WIN-FIN-WS17,a.kim,1,python3,"python3",cmd.exe,,,SHA256=001cfb1fcba661aa001cfb1fcba661aa001cfb1fcba661aa001cfb1fcba661aa
2026-02-05 20:52:36.383,WIN-FIN-WS17,svc-build,1,slack.exe,"slack.exe",explorer.exe,,,SHA256=001046f102df90c7001046f102df90c7001046f102df90c7001046f102df90c7
2026-02-05 20:58:35.077,K8S-NODE-01,d.holt,1,slack.exe,"slack.exe",explorer.exe,,,SHA256=000097fa7c46cb22000097fa7c46cb22000097fa7c46cb22000097fa7c46cb22
2026-02-05 21:08:01.912,WIN-FIN-WS17,a.kim,1,chrome.exe,"chrome.exe",cmd.exe,,,SHA256=00124bf1a985d14c00124bf1a985d14c00124bf1a985d14c00124bf1a985d14c
2026-02-05 21:13:45.910,WIN-HELPDESK-12,svc.sync,1,sshd,"sshd",systemd,,,SHA256=001d720704c96701001d720704c96701001d720704c96701001d720704c96701
2026-02-05 21:21:44.417,WIN-FIN-WS17,svc.sync,1,git,"git",cmd.exe,,,SHA256=00155c0c4a41a59600155c0c4a41a59600155c0c4a41a59600155c0c4a41a596
2026-02-05 21:28:42.146,K8S-NODE-01,svc-build,1,slack.exe,"slack.exe",launchd,,,SHA256=0016204beea1b2370016204beea1b2370016204beea1b2370016204beea1b237
2026-02-05 21:32:34.926,K8S-NODE-01,svc-export,1,sshd,"sshd",explorer.exe,,,SHA256=00216499a934c54600216499a934c54600216499a934c54600216499a934c546
2026-02-05 21:37:02.499,LINUX-JUMP-01,svc.sync,1,outlook.exe,"outlook.exe",cmd.exe,,,SHA256=000a7bb957f7f77a000a7bb957f7f77a000a7bb957f7f77a000a7bb957f7f77a
2026-02-05 21:45:03.028,WIN-HELPDESK-12,svc-build,1,git,"git",launchd,,,SHA256=0001f17c589086940001f17c589086940001f17c589086940001f17c58908694
2026-02-05 21:49:37.944,LINUX-JUMP-01,svc-build,1,powershell.exe,"powershell.exe",launchd,,,SHA256=000ca22d67ae06bf000ca22d67ae06bf000ca22d67ae06bf000ca22d67ae06bf
2026-02-05 21:53:34.511,WIN-HELPDESK-12,d.holt,1,powershell.exe,"powershell.exe",launchd,,,SHA256=0003f85f87118ef10003f85f87118ef10003f85f87118ef10003f85f87118ef1
2026-02-05 22:04:18.937,K8S-NODE-01,svc-build,1,node,"node",launchd,,,SHA256=0014b6a11e8f2df50014b6a11e8f2df50014b6a11e8f2df50014b6a11e8f2df5
2026-02-05 22:12:07.661,WIN-FIN-WS17,d.holt,1,git,"git",systemd,,,SHA256=0019dd34fffe2adc0019dd34fffe2adc0019dd34fffe2adc0019dd34fffe2adc
2026-02-05 22:14:40.034,WIN-FS01,d.holt,1,git,"git",cmd.exe,,,SHA256=000cac68baa18f03000cac68baa18f03000cac68baa18f03000cac68baa18f03
2026-02-05 22:24:42.075,LINUX-JUMP-01,marina.ko,1,chrome.exe,"chrome.exe",explorer.exe,,,SHA256=001107917a2b8900001107917a2b8900001107917a2b8900001107917a2b8900
2026-02-05 22:32:07.312,K8S-NODE-01,marina.ko,1,slack.exe,"slack.exe",explorer.exe,,,SHA256=0000e206ccc22f020000e206ccc22f020000e206ccc22f020000e206ccc22f02
2026-02-05 22:39:04.497,WIN-HELPDESK-12,svc.sync,1,outlook.exe,"outlook.exe",systemd,,,SHA256=0015149605a554940015149605a554940015149605a554940015149605a55494
2026-02-05 22:44:59.673,K8S-NODE-01,marina.ko,1,python3,"python3",explorer.exe,,,SHA256=00209cf66d625abe00209cf66d625abe00209cf66d625abe00209cf66d625abe
2026-02-05 22:53:36.781,LINUX-JUMP-01,marina.ko,1,chrome.exe,"chrome.exe",explorer.exe,,,SHA256=0013f015d4be6af50013f015d4be6af50013f015d4be6af50013f015d4be6af5
2026-02-05 23:01:30.683,WIN-FIN-WS17,svc.export,1,sshd,"sshd",launchd,,,SHA256=001ed29b296c3c69001ed29b296c3c69001ed29b296c3c69001ed29b296c3c69
2026-02-05 23:11:41.724,WIN-HELPDESK-12,d.holt,1,powershell.exe,"powershell.exe",systemd,,,SHA256=00172f11231aa87f00172f11231aa87f00172f11231aa87f00172f11231aa87f
2026-02-05 23:21:03.277,WIN-FS01,marina.ko,1,chrome.exe,"chrome.exe",explorer.exe,,,SHA256=000c094db7d6bea0000c094db7d6bea0000c094db7d6bea0000c094db7d6bea0
2026-02-05 23:27:43.145,WIN-HELPDESK-12,svc-export,1,powershell.exe,"powershell.exe",explorer.exe,,,SHA256=001432bb3f9808ab001432bb3f9808ab001432bb3f9808ab001432bb3f9808ab
2026-02-05 23:37:25.239,WIN-FIN-WS17,svc-build,1,powershell.exe,"powershell.exe",systemd,,,SHA256=001312064cbf18a2001312064cbf18a2001312064cbf18a2001312064cbf18a2
2026-02-05 23:44:27.198,LINUX-WEB-02,svc-build,1,python3,"python3",launchd,,,SHA256=00197317c5be956d00197317c5be956d00197317c5be956d00197317c5be956d
2026-02-05 23:54:59.029,K8S-NODE-01,d.holt,1,sshd,"sshd",cmd.exe,,,SHA256=00036a8ee4a79fcc00036a8ee4a79fcc00036a8ee4a79fcc00036a8ee4a79fcc
2026-02-06 00:00:52.528,LINUX-WEB-02,d.holt,1,outlook.exe,"outlook.exe",cmd.exe,,,SHA256=001dde9a7242e1cd001dde9a7242e1cd001dde9a7242e1cd001dde9a7242e1cd
2026-02-06 00:10:15.120,WIN-HELPDESK-12,marina.ko,1,git,"git",launchd,,,SHA256=00078ebbcdaeba5a00078ebbcdaeba5a00078ebbcdaeba5a00078ebbcdaeba5a
2026-02-06 00:18:27.528,WIN-FIN-WS17,svc-export,1,node,"node",systemd,,,SHA256=00236369f7a10bc600236369f7a10bc600236369f7a10bc600236369f7a10bc6
2026-02-06 00:22:23.660,WIN-FS01,svc-export,1,git,"git",launchd,,,SHA256=000b9e6117650f5c000b9e6117650f5c000b9e6117650f5c000b9e6117650f5c
2026-02-06 00:29:13.546,WIN-FS01,svc.sync,1,git,"git",cmd.exe,,,SHA256=0003532a763c815e0003532a763c815e0003532a763c815e0003532a763c815e
2026-02-06 00:35:54.891,WIN-FIN-WS17,svc-build,1,slack.exe,"slack.exe",launchd,,,SHA256=00198bab057c4ff600198bab057c4ff600198bab057c4ff600198bab057c4ff6
2026-02-06 00:39:43.555,LINUX-WEB-02,a.kim,1,node,"node",systemd,,,SHA256=00120e40842e050500120e40842e050500120e40842e050500120e40842e0505
2026-02-06 00:48:44.370,WIN-FIN-WS17,svc-export,1,outlook.exe,"outlook.exe",cmd.exe,,,SHA256=001624b8045c35db001624b8045c35db001624b8045c35db001624b8045c35db
2026-02-06 00:55:26.380,LINUX-WEB-02,svc-build,1,chrome.exe,"chrome.exe",explorer.exe,,,SHA256=001109a8837ead31001109a8837ead31001109a8837ead31001109a8837ead31
2026-02-06 01:02:34.677,WIN-FS01,svc-build,1,outlook.exe,"outlook.exe",cmd.exe,,,SHA256=0019b7fff5af930a0019b7fff5af930a0019b7fff5af930a0019b7fff5af930a
2026-02-06 01:07:57.244,WIN-FIN-WS17,svc-build,1,python3,"python3",cmd.exe,,,SHA256=000a55e5d6aadb39000a55e5d6aadb39000a55e5d6aadb39000a55e5d6aadb39
2026-02-06 01:14:30.918,LINUX-JUMP-01,d.holt,1,outlook.exe,"outlook.exe",cmd.exe,,,SHA256=0004f0d2fb988ec80004f0d2fb988ec80004f0d2fb988ec80004f0d2fb988ec8
2026-02-06 01:23:35.992,WIN-FS01,svc.export,1,outlook.exe,"outlook.exe",systemd,,,SHA256=001061d52b086571001061d52b086571001061d52b086571001061d52b086571
2026-02-06 01:28:22.947,WIN-FIN-WS17,svc.sync,1,sshd,"sshd",cmd.exe,,,SHA256=000903cc1fc16bdf000903cc1fc16bdf000903cc1fc16bdf000903cc1fc16bdf
2026-02-06 01:38:04.980,WIN-HELPDESK-12,d.holt,1,python3,"python3",cmd.exe,,,SHA256=000f6652c5397084000f6652c5397084000f6652c5397084000f6652c5397084
2026-02-06 01:46:32.862,WIN-FS01,a.kim,1,git,"git",systemd,,,SHA256=0000624c965374170000624c965374170000624c965374170000624c96537417
2026-02-06 01:55:59.255,LINUX-JUMP-01,svc-build,1,slack.exe,"slack.exe",explorer.exe,,,SHA256=00119fb3b93fb41800119fb3b93fb41800119fb3b93fb41800119fb3b93fb418
2026-02-06 02:04:21.962,LINUX-WEB-02,d.holt,1,node,"node",cmd.exe,,,SHA256=0012731160aee4f50012731160aee4f50012731160aee4f50012731160aee4f5
2026-02-06 02:14:52.267,LINUX-JUMP-01,svc-build,1,outlook.exe,"outlook.exe",explorer.exe,,,SHA256=00209d47a5eb269e00209d47a5eb269e00209d47a5eb269e00209d47a5eb269e
2026-02-06 02:23:36.956,LINUX-WEB-02,svc.export,1,sshd,"sshd",cmd.exe,,,SHA256=00032ea788c9f9b100032ea788c9f9b100032ea788c9f9b100032ea788c9f9b1
2026-02-06 02:34:00.975,WIN-HELPDESK-12,svc.export,1,python3,"python3",systemd,,,SHA256=00130868a5574c7900130868a5574c7900130868a5574c7900130868a5574c79
2026-02-06 02:36:50.873,LINUX-JUMP-01,marina.ko,1,python3,"python3",launchd,,,SHA256=0001ef2ed0746e7b0001ef2ed0746e7b0001ef2ed0746e7b0001ef2ed0746e7b
2026-02-06 02:40:44.841,K8S-NODE-01,svc-export,1,powershell.exe,"powershell.exe",cmd.exe,,,SHA256=0009bb330f5da6520009bb330f5da6520009bb330f5da6520009bb330f5da652
2026-02-06 02:45:39.704,WIN-FS01,d.holt,1,git,"git",launchd,,,SHA256=002307c365c418f2002307c365c418f2002307c365c418f2002307c365c418f2
2026-02-06 02:49:33.834,WIN-FIN-WS17,marina.ko,1,powershell.exe,"powershell.exe",launchd,,,SHA256=000beaa1db02fab8000beaa1db02fab8000beaa1db02fab8000beaa1db02fab8
2026-02-06 02:57:31.480,K8S-NODE-01,d.holt,1,git,"git",explorer.exe,,,SHA256=0005f0ff523e71da0005f0ff523e71da0005f0ff523e71da0005f0ff523e71da
2026-02-06 03:03:11.181,LINUX-JUMP-01,a.kim,1,outlook.exe,"outlook.exe",launchd,,,SHA256=00019479c2e976fd00019479c2e976fd00019479c2e976fd00019479c2e976fd
2026-02-06 03:11:50.070,LINUX-JUMP-01,svc.export,1,slack.exe,"slack.exe",systemd,,,SHA256=000f32ce86822c27000f32ce86822c27000f32ce86822c27000f32ce86822c27
2026-02-06 03:21:57.230,LINUX-JUMP-01,svc-export,1,powershell.exe,"powershell.exe",systemd,,,SHA256=001484a3fef8e34f001484a3fef8e34f001484a3fef8e34f001484a3fef8e34f
2026-02-06 03:31:31.643,WIN-HELPDESK-12,svc.export,1,git,"git",systemd,,,SHA256=0018ffab89fc352b0018ffab89fc352b0018ffab89fc352b0018ffab89fc352b
2026-02-06 03:39:51.430,WIN-HELPDESK-12,svc-build,1,outlook.exe,"outlook.exe",explorer.exe,,,SHA256=00025aeb3413661400025aeb3413661400025aeb3413661400025aeb34136614
2026-02-06 03:49:37.343,WIN-FIN-WS17,svc-build,1,outlook.exe,"outlook.exe",explorer.exe,,,SHA256=002105ce82e1ba18002105ce82e1ba18002105ce82e1ba18002105ce82e1ba18
2026-02-06 04:00:50.027,LINUX-WEB-02,d.holt,1,python3,"python3",cmd.exe,,,SHA256=001cac32ef3b928a001cac32ef3b928a001cac32ef3b928a001cac32ef3b928a
2026-02-06 04:06:41.354,K8S-NODE-01,svc.export,1,powershell.exe,"powershell.exe",cmd.exe,,,SHA256=0004657153e30eba0004657153e30eba0004657153e30eba0004657153e30eba
2026-02-06 04:10:47.728,WIN-FS01,svc.sync,1,node,"node",launchd,,,SHA256=0013ee89a950be9d0013ee89a950be9d0013ee89a950be9d0013ee89a950be9d
2026-02-06 04:21:19.163,LINUX-WEB-02,svc.sync,1,node,"node",launchd,,,SHA256=001b893b009d9179001b893b009d9179001b893b009d9179001b893b009d9179
2026-02-06 04:26:12.208,WIN-FIN-WS17,marina.ko,1,python3,"python3",launchd,,,SHA256=000662041db2dc09000662041db2dc09000662041db2dc09000662041db2dc09
2026-02-06 04:33:16.457,LINUX-JUMP-01,d.holt,1,powershell.exe,"powershell.exe",cmd.exe,,,SHA256=001fa1532da2e88c001fa1532da2e88c001fa1532da2e88c001fa1532da2e88c
2026-02-06 04:43:50.935,LINUX-WEB-02,svc.export,1,python3,"python3",systemd,,,SHA256=0001693b28d350b20001693b28d350b20001693b28d350b20001693b28d350b2
2026-02-06 04:48:04.694,LINUX-JUMP-01,svc-build,1,node,"node",explorer.exe,,,SHA256=000b1bf8d1c93479000b1bf8d1c93479000b1bf8d1c93479000b1bf8d1c93479
2026-02-06 04:54:50.441,K8S-NODE-01,svc-export,1,slack.exe,"slack.exe",cmd.exe,,,SHA256=0000c9c855528a420000c9c855528a420000c9c855528a420000c9c855528a42
2026-02-06 05:01:25.038,WIN-FIN-WS17,svc.export,1,sshd,"sshd",cmd.exe,,,SHA256=00060abed63813d400060abed63813d400060abed63813d400060abed63813d4
2026-02-06 05:10:38.780,LINUX-WEB-02,svc-build,1,node,"node",launchd,,,SHA256=0000b1cdfea849030000b1cdfea849030000b1cdfea849030000b1cdfea84903
2026-02-06 05:16:47.964,WIN-FIN-WS17,svc.sync,1,outlook.exe,"outlook.exe",launchd,,,SHA256=0013f9ed583094360013f9ed583094360013f9ed583094360013f9ed58309436
2026-02-06 05:27:22.540,WIN-FIN-WS17,d.holt,1,outlook.exe,"outlook.exe",systemd,,,SHA256=00074f396bc6ddfe00074f396bc6ddfe00074f396bc6ddfe00074f396bc6ddfe
2026-02-06 05:31:31.455,WIN-FS01,svc-build,1,sshd,"sshd",launchd,,,SHA256=001e1a506bbd6c7d001e1a506bbd6c7d001e1a506bbd6c7d001e1a506bbd6c7d
2026-02-06 05:35:20.400,LINUX-JUMP-01,svc-export,1,outlook.exe,"outlook.exe",systemd,,,SHA256=0013a729e019d8540013a729e019d8540013a729e019d8540013a729e019d854
2026-02-06 05:46:06.354,LINUX-WEB-02,svc.sync,1,sshd,"sshd",launchd,,,SHA256=0004ced8cc221c450004ced8cc221c450004ced8cc221c450004ced8cc221c45
2026-02-06 05:51:15.847,WIN-FS01,svc-export,1,python3,"python3",systemd,,,SHA256=000bc496acf1ddda000bc496acf1ddda000bc496acf1ddda000bc496acf1ddda
2026-02-06 06:00:53.040,LINUX-JUMP-01,svc-export,1,node,"node",launchd,,,SHA256=001e33ebb194cca5001e33ebb194cca5001e33ebb194cca5001e33ebb194cca5
2026-02-06 06:10:22.300,WIN-FIN-WS17,svc-build,1,powershell.exe,"powershell.exe",cmd.exe,,,SHA256=001444efc8e1aaf9001444efc8e1aaf9001444efc8e1aaf9001444efc8e1aaf9
2026-02-06 06:20:39.247,WIN-FS01,svc.sync,1,git,"git",explorer.exe,,,SHA256=00109aefc42d0e2d00109aefc42d0e2d00109aefc42d0e2d00109aefc42d0e2d
2026-02-06 06:23:54.507,WIN-FS01,a.kim,1,slack.exe,"slack.exe",explorer.exe,,,SHA256=0019d7d3d17475c60019d7d3d17475c60019d7d3d17475c60019d7d3d17475c6
2026-02-06 06:32:44.443,WIN-FS01,a.kim,1,sshd,"sshd",launchd,,,SHA256=001c080cf50dd01e001c080cf50dd01e001c080cf50dd01e001c080cf50dd01e
2026-02-06 06:41:30.703,LINUX-JUMP-01,marina.ko,1,sshd,"sshd",explorer.exe,,,SHA256=00012cb142e9305e00012cb142e9305e00012cb142e9305e00012cb142e9305e
2026-02-06 06:44:01.829,LINUX-JUMP-01,d.holt,1,powershell.exe,"powershell.exe",cmd.exe,,,SHA256=000ce535b2812cea000ce535b2812cea000ce535b2812cea000ce535b2812cea
2026-02-06 06:54:10.655,WIN-FIN-WS17,svc.export,1,outlook.exe,"outlook.exe",explorer.exe,,,SHA256=000949a331006687000949a331006687000949a331006687000949a331006687
2026-02-06 07:03:04.642,WIN-FS01,d.holt,1,chrome.exe,"chrome.exe",explorer.exe,,,SHA256=002042dae7ade7ee002042dae7ade7ee002042dae7ade7ee002042dae7ade7ee
2026-02-06 07:12:25.321,K8S-NODE-01,svc-export,1,powershell.exe,"powershell.exe",explorer.exe,,,SHA256=001ffee7c954b284001ffee7c954b284001ffee7c954b284001ffee7c954b284
2026-02-06 07:18:29.052,WIN-HELPDESK-12,svc.sync,1,slack.exe,"slack.exe",explorer.exe,,,SHA256=001e4d7b82c4b86c001e4d7b82c4b86c001e4d7b82c4b86c001e4d7b82c4b86c
2026-02-06 07:22:34.511,LINUX-WEB-02,svc.sync,1,sshd,"sshd",explorer.exe,,,SHA256=00222bd38dfd053600222bd38dfd053600222bd38dfd053600222bd38dfd0536
2026-02-06 07:32:21.606,K8S-NODE-01,svc-build,1,chrome.exe,"chrome.exe",cmd.exe,,,SHA256=000c63491be6bdcd000c63491be6bdcd000c63491be6bdcd000c63491be6bdcd
2026-02-06 07:37:59.522,LINUX-JUMP-01,svc-build,1,outlook.exe,"outlook.exe",systemd,,,SHA256=002059fda8533d7a002059fda8533d7a002059fda8533d7a002059fda8533d7a
2026-02-06 07:48:44.748,LINUX-WEB-02,svc-export,1,sshd,"sshd",systemd,,,SHA256=000cf3119d4cb917000cf3119d4cb917000cf3119d4cb917000cf3119d4cb917
2026-02-06 07:58:18.377,WIN-FS01,svc.sync,1,git,"git",systemd,,,SHA256=001023032f2bcac1001023032f2bcac1001023032f2bcac1001023032f2bcac1
2026-02-06 08:08:29.614,WIN-HELPDESK-12,svc.export,1,sshd,"sshd",systemd,,,SHA256=0019c83003bce7ac0019c83003bce7ac0019c83003bce7ac0019c83003bce7ac
2026-02-06 08:14:41.908,LINUX-WEB-02,svc-build,1,python3,"python3",explorer.exe,,,SHA256=00060a5914c756eb00060a5914c756eb00060a5914c756eb00060a5914c756eb
2026-02-06 08:22:10.901,WIN-HELPDESK-12,svc.sync,1,chrome.exe,"chrome.exe",systemd,,,SHA256=00073b1e0acb9b4300073b1e0acb9b4300073b1e0acb9b4300073b1e0acb9b43
2026-02-06 08:33:29.543,LINUX-WEB-02,svc.sync,1,outlook.exe,"outlook.exe",explorer.exe,,,SHA256=00076e2c8068b36700076e2c8068b36700076e2c8068b36700076e2c8068b367
2026-02-06 08:36:14.230,WIN-FIN-WS17,marina.ko,1,outlook.exe,"outlook.exe",launchd,,,SHA256=0000921854d0eb2a0000921854d0eb2a0000921854d0eb2a0000921854d0eb2a
2026-02-06 08:46:14.300,WIN-HELPDESK-12,d.holt,1,outlook.exe,"outlook.exe",explorer.exe,,,SHA256=0013e078c0b4858f0013e078c0b4858f0013e078c0b4858f0013e078c0b4858f
2026-02-06 08:53:32.079,WIN-HELPDESK-12,a.kim,1,sshd,"sshd",explorer.exe,,,SHA256=000c6ba5fd621abc000c6ba5fd621abc000c6ba5fd621abc000c6ba5fd621abc
2026-02-06 08:59:47.098,LINUX-WEB-02,a.kim,1,powershell.exe,"powershell.exe",systemd,,,SHA256=00156a9591a96e3f00156a9591a96e3f00156a9591a96e3f00156a9591a96e3f
2026-02-06 09:03:19.937,WIN-FIN-WS17,a.kim,1,sshd,"sshd",cmd.exe,,,SHA256=001b00744be2911f001b00744be2911f001b00744be2911f001b00744be2911f
2026-02-06 09:06:41.127,WIN-FS01,a.kim,1,powershell.exe,"powershell.exe",systemd,,,SHA256=0021c1f93bb4a8b60021c1f93bb4a8b60021c1f93bb4a8b60021c1f93bb4a8b6
2026-02-06 09:11:30.016,WIN-FS01,d.holt,1,node,"node",systemd,,,SHA256=0014037f4b617e420014037f4b617e420014037f4b617e420014037f4b617e42
2026-02-06 09:15:37.649,WIN-FS01,d.holt,1,chrome.exe,"chrome.exe",launchd,,,SHA256=001c112e4fcd5cb0001c112e4fcd5cb0001c112e4fcd5cb0001c112e4fcd5cb0
2026-02-06 09:23:35.421,WIN-HELPDESK-12,svc.sync,1,powershell.exe,"powershell.exe",cmd.exe,,,SHA256=00146bf8d7ae891400146bf8d7ae891400146bf8d7ae891400146bf8d7ae8914
2026-02-06 09:28:25.220,WIN-FS01,svc.sync,1,outlook.exe,"outlook.exe",launchd,,,SHA256=000848e05c811fc2000848e05c811fc2000848e05c811fc2000848e05c811fc2
2026-02-06 09:31:23.354,WIN-FIN-WS17,a.kim,1,node,"node",cmd.exe,,,SHA256=001ca57b3d392308001ca57b3d392308001ca57b3d392308001ca57b3d392308
2026-02-06 09:35:24.944,LINUX-WEB-02,svc.export,1,outlook.exe,"outlook.exe",explorer.exe,,,SHA256=000dd88627fb61f7000dd88627fb61f7000dd88627fb61f7000dd88627fb61f7
2026-02-06 09:43:11.519,WIN-HELPDESK-12,d.holt,1,python3,"python3",cmd.exe,,,SHA256=0022d82e624a5cc80022d82e624a5cc80022d82e624a5cc80022d82e624a5cc8
2026-02-06 09:48:05.015,WIN-HELPDESK-12,svc.sync,1,sshd,"sshd",launchd,,,SHA256=0005b99b3587c1aa0005b99b3587c1aa0005b99b3587c1aa0005b99b3587c1aa
2026-02-06 09:57:07.540,LINUX-JUMP-01,svc.export,1,powershell.exe,"powershell.exe",systemd,,,SHA256=002296caae8f5836002296caae8f5836002296caae8f5836002296caae8f5836
2026-02-06 10:06:48.401,LINUX-WEB-02,d.holt,1,powershell.exe,"powershell.exe",explorer.exe,,,SHA256=0022ed74360b82a60022ed74360b82a60022ed74360b82a60022ed74360b82a6
2026-02-06 10:13:26.818,WIN-FS01,svc.export,1,chrome.exe,"chrome.exe",systemd,,,SHA256=00133006615cb3aa00133006615cb3aa00133006615cb3aa00133006615cb3aa
2026-02-06 10:20:48.165,LINUX-JUMP-01,marina.ko,1,git,"git",cmd.exe,,,SHA256=0000181b1683a47a0000181b1683a47a0000181b1683a47a0000181b1683a47a
2026-02-06 10:31:49.882,WIN-HELPDESK-12,svc.export,1,node,"node",systemd,,,SHA256=0021578df2468a680021578df2468a680021578df2468a680021578df2468a68
2026-02-06 10:34:25.550,WIN-FIN-WS17,a.kim,1,python3,"python3",systemd,,,SHA256=000f11d0efb55421000f11d0efb55421000f11d0efb55421000f11d0efb55421
2026-02-06 10:41:15.915,LINUX-JUMP-01,svc.sync,1,slack.exe,"slack.exe",launchd,,,SHA256=000aeff9e64de661000aeff9e64de661000aeff9e64de661000aeff9e64de661
2026-02-06 10:51:56.552,LINUX-WEB-02,d.holt,1,powershell.exe,"powershell.exe",systemd,,,SHA256=0000522b06eab4d10000522b06eab4d10000522b06eab4d10000522b06eab4d1
2026-02-06 10:58:14.758,K8S-NODE-01,svc-build,1,slack.exe,"slack.exe",cmd.exe,,,SHA256=00205590796ebf2e00205590796ebf2e00205590796ebf2e00205590796ebf2e
2026-02-06 11:06:13.369,LINUX-WEB-02,svc-export,1,powershell.exe,"powershell.exe",explorer.exe,,,SHA256=0022332477583c220022332477583c220022332477583c220022332477583c22
2026-02-06 11:09:35.324,K8S-NODE-01,a.kim,1,slack.exe,"slack.exe",cmd.exe,,,SHA256=00152bce039be24900152bce039be24900152bce039be24900152bce039be249
2026-02-06 11:19:37.703,LINUX-WEB-02,svc-export,1,powershell.exe,"powershell.exe",explorer.exe,,,SHA256=0018a4ae0c631d610018a4ae0c631d610018a4ae0c631d610018a4ae0c631d61
2026-02-06 11:30:13.977,WIN-FS01,d.holt,1,outlook.exe,"outlook.exe",launchd,,,SHA256=0003ab4b5da1608c0003ab4b5da1608c0003ab4b5da1608c0003ab4b5da1608c
2026-02-06 11:40:43.535,WIN-HELPDESK-12,svc-build,1,powershell.exe,"powershell.exe",systemd,,,SHA256=000661ee0dfe8033000661ee0dfe8033000661ee0dfe8033000661ee0dfe8033
2026-02-06 11:44:02.049,LINUX-WEB-02,svc.export,1,sshd,"sshd",explorer.exe,,,SHA256=0001bc68d49c5cee0001bc68d49c5cee0001bc68d49c5cee0001bc68d49c5cee
2026-02-06 11:55:17.625,WIN-FIN-WS17,svc.sync,1,sshd,"sshd",systemd,,,SHA256=0020d09d8c837e700020d09d8c837e700020d09d8c837e700020d09d8c837e70
2026-02-06 12:06:37.311,K8S-NODE-01,svc.sync,1,sshd,"sshd",systemd,,,SHA256=00199bcfdd0e587b00199bcfdd0e587b00199bcfdd0e587b00199bcfdd0e587b
2026-02-06 12:14:26.584,WIN-FIN-WS17,svc-export,1,git,"git",systemd,,,SHA256=001a239c5bbf2539001a239c5bbf2539001a239c5bbf2539001a239c5bbf2539
2026-02-06 12:21:59.812,LINUX-JUMP-01,a.kim,1,outlook.exe,"outlook.exe",cmd.exe,,,SHA256=00012a8e76f0579200012a8e76f0579200012a8e76f0579200012a8e76f05792
2026-02-06 12:24:30.035,WIN-HELPDESK-12,svc.export,1,outlook.exe,"outlook.exe",launchd,,,SHA256=001d49766863f55b001d49766863f55b001d49766863f55b001d49766863f55b
2026-02-06 12:33:38.164,WIN-HELPDESK-12,d.holt,1,slack.exe,"slack.exe",systemd,,,SHA256=0008d5805c697c650008d5805c697c650008d5805c697c650008d5805c697c65
2026-02-06 12:37:39.963,WIN-FIN-WS17,d.holt,1,slack.exe,"slack.exe",cmd.exe,,,SHA256=00211739f7d89ee600211739f7d89ee600211739f7d89ee600211739f7d89ee6
2026-02-06 12:46:27.927,WIN-FIN-WS17,svc-build,1,outlook.exe,"outlook.exe",systemd,,,SHA256=000bf543d91af2ac000bf543d91af2ac000bf543d91af2ac000bf543d91af2ac
2026-02-06 12:56:16.998,WIN-FS01,svc.sync,1,slack.exe,"slack.exe",launchd,,,SHA256=00119e8ee436f40f00119e8ee436f40f00119e8ee436f40f00119e8ee436f40f
2026-02-06 13:00:09.415,K8S-NODE-01,svc-build,1,sshd,"sshd",explorer.exe,,,SHA256=00023e1c27d448aa00023e1c27d448aa00023e1c27d448aa00023e1c27d448aa
2026-02-06 13:05:55.008,LINUX-JUMP-01,svc-export,1,node,"node",systemd,,,SHA256=0002d90108264f440002d90108264f440002d90108264f440002d90108264f44
2026-02-06 13:11:47.848,WIN-HELPDESK-12,svc.sync,1,outlook.exe,"outlook.exe",launchd,,,SHA256=000695197ac99164000695197ac99164000695197ac99164000695197ac99164
2026-02-06 13:23:15.978,LINUX-WEB-02,marina.ko,1,git,"git",explorer.exe,,,SHA256=00134903f96fe88f00134903f96fe88f00134903f96fe88f00134903f96fe88f
2026-02-06 13:29:04.406,WIN-FIN-WS17,marina.ko,1,powershell.exe,"powershell.exe",explorer.exe,,,SHA256=000c77b4da25ec1f000c77b4da25ec1f000c77b4da25ec1f000c77b4da25ec1f
2026-02-06 13:32:17.813,WIN-FS01,d.holt,1,sshd,"sshd",cmd.exe,,,SHA256=0018a7ca1c5ed62f0018a7ca1c5ed62f0018a7ca1c5ed62f0018a7ca1c5ed62f
2026-02-06 13:39:42.358,WIN-FIN-WS17,svc-export,1,sshd,"sshd",launchd,,,SHA256=001420945fc94d1a001420945fc94d1a001420945fc94d1a001420945fc94d1a
2026-02-06 13:47:48.284,WIN-FS01,marina.ko,1,node,"node",cmd.exe,,,SHA256=000ec2745473b473000ec2745473b473000ec2745473b473000ec2745473b473
2026-02-06 13:56:58.086,WIN-HELPDESK-12,a.kim,1,outlook.exe,"outlook.exe",cmd.exe,,,SHA256=000c228bb5e4a38c000c228bb5e4a38c000c228bb5e4a38c000c228bb5e4a38c
2026-02-06 14:04:59.007,LINUX-JUMP-01,svc.sync,1,git,"git",cmd.exe,,,SHA256=00111bb536d430d900111bb536d430d900111bb536d430d900111bb536d430d9
2026-02-06 14:11:42.416,K8S-NODE-01,svc-build,1,node,"node",cmd.exe,,,SHA256=001ee1142762b8de001ee1142762b8de001ee1142762b8de001ee1142762b8de
2026-02-06 14:17:23.930,LINUX-WEB-02,d.holt,1,node,"node",explorer.exe,,,SHA256=00140e379c58f46600140e379c58f46600140e379c58f46600140e379c58f466
2026-02-06 14:26:23.320,WIN-FS01,svc.export,1,python3,"python3",systemd,,,SHA256=001e46ffa0ad652b001e46ffa0ad652b001e46ffa0ad652b001e46ffa0ad652b
2026-02-06 14:30:07.449,WIN-HELPDESK-12,svc.sync,1,git,"git",cmd.exe,,,SHA256=0005a2ac5c4fa9460005a2ac5c4fa9460005a2ac5c4fa9460005a2ac5c4fa946
2026-02-06 14:39:16.672,WIN-HELPDESK-12,svc.export,1,git,"git",launchd,,,SHA256=001da4a11566f4f7001da4a11566f4f7001da4a11566f4f7001da4a11566f4f7
2026-02-06 14:49:37.905,K8S-NODE-01,svc-build,1,git,"git",cmd.exe,,,SHA256=000e7d7e86b017a6000e7d7e86b017a6000e7d7e86b017a6000e7d7e86b017a6
2026-02-06 14:56:57.349,WIN-FIN-WS17,marina.ko,1,sshd,"sshd",explorer.exe,,,SHA256=00052905d340dc2e00052905d340dc2e00052905d340dc2e00052905d340dc2e
2026-02-06 15:04:22.814,K8S-NODE-01,svc.export,1,sshd,"sshd",cmd.exe,,,SHA256=0002872de1ae95cf0002872de1ae95cf0002872de1ae95cf0002872de1ae95cf
2026-02-06 15:07:58.625,WIN-FS01,d.holt,1,chrome.exe,"chrome.exe",cmd.exe,,,SHA256=001d1c00fea7125f001d1c00fea7125f001d1c00fea7125f001d1c00fea7125f
2026-02-06 15:15:52.837,WIN-FS01,svc.export,1,git,"git",cmd.exe,,,SHA256=0003e5ef355b47850003e5ef355b47850003e5ef355b47850003e5ef355b4785
2026-02-06 15:24:33.400,LINUX-WEB-02,svc-build,1,python3,"python3",systemd,,,SHA256=00037b46aa06b43700037b46aa06b43700037b46aa06b43700037b46aa06b437
2026-02-06 15:32:22.094,K8S-NODE-01,svc-export,1,slack.exe,"slack.exe",cmd.exe,,,SHA256=00166993038ee8a200166993038ee8a200166993038ee8a200166993038ee8a2
2026-02-06 15:36:46.443,K8S-NODE-01,a.kim,1,git,"git",explorer.exe,,,SHA256=000d451318d5c642000d451318d5c642000d451318d5c642000d451318d5c642
2026-02-06 15:46:03.073,LINUX-JUMP-01,d.holt,1,outlook.exe,"outlook.exe",explorer.exe,,,SHA256=0006210f3ff01eec0006210f3ff01eec0006210f3ff01eec0006210f3ff01eec
2026-02-06 15:50:52.465,WIN-HELPDESK-12,marina.ko,1,sshd,"sshd",systemd,,,SHA256=00185908fb7134e000185908fb7134e000185908fb7134e000185908fb7134e0
2026-02-06 15:56:15.002,LINUX-WEB-02,svc.export,1,slack.exe,"slack.exe",launchd,,,SHA256=0014022429858f3e0014022429858f3e0014022429858f3e0014022429858f3e
2026-02-06 16:06:50.439,K8S-NODE-01,svc.sync,1,chrome.exe,"chrome.exe",systemd,,,SHA256=0004842edc986d840004842edc986d840004842edc986d840004842edc986d84
2026-02-06 16:15:35.164,LINUX-JUMP-01,a.kim,1,chrome.exe,"chrome.exe",systemd,,,SHA256=001de260482531d6001de260482531d6001de260482531d6001de260482531d6
2026-02-06 16:18:30.228,WIN-HELPDESK-12,svc-build,1,git,"git",systemd,,,SHA256=001b83f7cfd32d33001b83f7cfd32d33001b83f7cfd32d33001b83f7cfd32d33
2026-02-06 16:28:43.288,LINUX-JUMP-01,a.kim,1,sshd,"sshd",launchd,,,SHA256=0022638e52e6a1f80022638e52e6a1f80022638e52e6a1f80022638e52e6a1f8
2026-02-06 16:37:03.203,K8S-NODE-01,a.kim,1,chrome.exe,"chrome.exe",cmd.exe,,,SHA256=002342d75b41603a002342d75b41603a002342d75b41603a002342d75b41603a
2026-02-06 16:44:59.750,LINUX-WEB-02,svc-export,1,sshd,"sshd",cmd.exe,,,SHA256=000b5d3ca98a64cf000b5d3ca98a64cf000b5d3ca98a64cf000b5d3ca98a64cf
2026-02-06 16:51:54.147,WIN-FS01,svc-build,1,git,"git",cmd.exe,,,SHA256=000843064be32f30000843064be32f30000843064be32f30000843064be32f30
2026-02-06 16:58:38.950,WIN-HELPDESK-12,marina.ko,1,sshd,"sshd",explorer.exe,,,SHA256=0006d58520d0637b0006d58520d0637b0006d58520d0637b0006d58520d0637b
2026-02-06 17:06:27.388,WIN-FIN-WS17,svc-build,1,node,"node",systemd,,,SHA256=001813c30833952f001813c30833952f001813c30833952f001813c30833952f
2026-02-06 17:13:09.861,WIN-FIN-WS17,d.holt,1,sshd,"sshd",cmd.exe,,,SHA256=001c78fa3255147c001c78fa3255147c001c78fa3255147c001c78fa3255147c
2026-02-06 17:19:25.698,WIN-FS01,svc-export,1,python3,"python3",cmd.exe,,,SHA256=000c4d9a7ea91b4c000c4d9a7ea91b4c000c4d9a7ea91b4c000c4d9a7ea91b4c
2026-02-06 17:30:36.364,LINUX-JUMP-01,svc-export,1,git,"git",systemd,,,SHA256=00125974a84e104300125974a84e104300125974a84e104300125974a84e1043
2026-02-06 17:36:56.158,LINUX-JUMP-01,svc-export,1,git,"git",launchd,,,SHA256=00123687a2bc955f00123687a2bc955f00123687a2bc955f00123687a2bc955f
2026-02-06 17:42:40.616,WIN-FIN-WS17,marina.ko,1,sshd,"sshd",launchd,,,SHA256=000afa7d4aaa0d13000afa7d4aaa0d13000afa7d4aaa0d13000afa7d4aaa0d13
2026-02-06 17:50:42.774,WIN-FIN-WS17,d.holt,1,powershell.exe,"powershell.exe",cmd.exe,,,SHA256=0013b51a3353fbef0013b51a3353fbef0013b51a3353fbef0013b51a3353fbef
2026-02-06 17:56:33.312,K8S-NODE-01,svc-build,1,chrome.exe,"chrome.exe",cmd.exe,,,SHA256=001724a3b2f87e20001724a3b2f87e20001724a3b2f87e20001724a3b2f87e20
2026-02-06 18:00:21.288,LINUX-JUMP-01,svc.sync,1,node,"node",systemd,,,SHA256=0014e214a5cebf7c0014e214a5cebf7c0014e214a5cebf7c0014e214a5cebf7c
2026-02-06 18:03:25.334,WIN-FIN-WS17,a.kim,1,node,"node",cmd.exe,,,SHA256=000c73a5a30351e0000c73a5a30351e0000c73a5a30351e0000c73a5a30351e0
2026-02-06 18:07:37.234,WIN-FS01,d.holt,1,python3,"python3",cmd.exe,,,SHA256=00118b5fb4c130f400118b5fb4c130f400118b5fb4c130f400118b5fb4c130f4
2026-02-06 18:18:55.916,LINUX-WEB-02,d.holt,1,git,"git",cmd.exe,,,SHA256=0001c465c7ae8bb60001c465c7ae8bb60001c465c7ae8bb60001c465c7ae8bb6
2026-02-06 18:26:23.917,LINUX-WEB-02,marina.ko,1,sshd,"sshd",launchd,,,SHA256=00074c15a96cdb6d00074c15a96cdb6d00074c15a96cdb6d00074c15a96cdb6d
2026-02-06 18:37:43.045,WIN-FIN-WS17,a.kim,1,node,"node",systemd,,,SHA256=000daf1dc0d4b4c2000daf1dc0d4b4c2000daf1dc0d4b4c2000daf1dc0d4b4c2
2026-02-06 18:47:02.618,WIN-HELPDESK-12,svc-build,1,sshd,"sshd",systemd,,,SHA256=000c9575746deb2a000c9575746deb2a000c9575746deb2a000c9575746deb2a
2026-02-06 18:55:22.487,LINUX-WEB-02,a.kim,1,outlook.exe,"outlook.exe",cmd.exe,,,SHA256=000104286f166000000104286f166000000104286f166000000104286f166000
2026-02-06 19:03:22.965,LINUX-JUMP-01,d.holt,1,slack.exe,"slack.exe",cmd.exe,,,SHA256=0016d8656683fdcd0016d8656683fdcd0016d8656683fdcd0016d8656683fdcd
2026-02-06 19:09:12.415,WIN-FIN-WS17,d.holt,1,node,"node",explorer.exe,,,SHA256=0003aa7094443daa0003aa7094443daa0003aa7094443daa0003aa7094443daa
2026-02-06 19:15:47.010,WIN-FIN-WS17,a.kim,1,powershell.exe,"powershell.exe",launchd,,,SHA256=0013918b0493f7d70013918b0493f7d70013918b0493f7d70013918b0493f7d7
2026-02-06 19:22:21.268,WIN-FIN-WS17,svc.sync,1,python3,"python3",cmd.exe,,,SHA256=00190e69442679cb00190e69442679cb00190e69442679cb00190e69442679cb
2026-02-06 19:30:16.203,WIN-FS01,svc.export,1,powershell.exe,"powershell.exe",cmd.exe,,,SHA256=00082b18ffa9bb6700082b18ffa9bb6700082b18ffa9bb6700082b18ffa9bb67
2026-02-06 19:40:47.071,WIN-HELPDESK-12,svc-export,1,node,"node",launchd,,,SHA256=00125fdf292d622100125fdf292d622100125fdf292d622100125fdf292d6221
2026-02-06 19:49:46.062,WIN-FIN-WS17,marina.ko,1,sshd,"sshd",launchd,,,SHA256=001910236571dc32001910236571dc32001910236571dc32001910236571dc32
2026-02-06 19:57:57.092,WIN-HELPDESK-12,marina.ko,1,sshd,"sshd",cmd.exe,,,SHA256=001a7935defd8f36001a7935defd8f36001a7935defd8f36001a7935defd8f36
2026-02-06 20:01:08.972,WIN-FS01,svc-export,1,sshd,"sshd",launchd,,,SHA256=001a2121da11acbf001a2121da11acbf001a2121da11acbf001a2121da11acbf
2026-02-06 20:07:47.331,WIN-HELPDESK-12,marina.ko,1,powershell.exe,"powershell.exe",explorer.exe,,,SHA256=001ecb1f242c0cc0001ecb1f242c0cc0001ecb1f242c0cc0001ecb1f242c0cc0
2026-02-06 20:18:51.168,WIN-HELPDESK-12,marina.ko,1,powershell.exe,"powershell.exe",launchd,,,SHA256=00217553f50140e600217553f50140e600217553f50140e600217553f50140e6
2026-02-06 20:29:01.941,LINUX-JUMP-01,a.kim,1,python3,"python3",launchd,,,SHA256=0020c52809ca3d360020c52809ca3d360020c52809ca3d360020c52809ca3d36
2026-02-06 20:37:25.572,WIN-FIN-WS17,svc-export,1,chrome.exe,"chrome.exe",cmd.exe,,,SHA256=000281d91ce14189000281d91ce14189000281d91ce14189000281d91ce14189
2026-02-06 20:43:43.349,WIN-FS01,a.kim,1,slack.exe,"slack.exe",cmd.exe,,,SHA256=000be787f97874b6000be787f97874b6000be787f97874b6000be787f97874b6
2026-02-06 20:54:27.807,K8S-NODE-01,d.holt,1,node,"node",explorer.exe,,,SHA256=00117f57d256ad9400117f57d256ad9400117f57d256ad9400117f57d256ad94
2026-02-06 21:04:04.419,WIN-FS01,svc.sync,1,python3,"python3",cmd.exe,,,SHA256=0011827372778717001182737277871700118273727787170011827372778717
2026-02-06 21:11:58.298,WIN-FS01,a.kim,1,slack.exe,"slack.exe",cmd.exe,,,SHA256=000ab2eb7fbee431000ab2eb7fbee431000ab2eb7fbee431000ab2eb7fbee431
2026-02-06 21:14:44.663,WIN-FS01,svc-build,1,python3,"python3",explorer.exe,,,SHA256=00148be51e8fc54800148be51e8fc54800148be51e8fc54800148be51e8fc548
2026-02-06 21:17:19.031,K8S-NODE-01,d.holt,1,node,"node",systemd,,,SHA256=00160318c2f1944f00160318c2f1944f00160318c2f1944f00160318c2f1944f
2026-02-06 21:19:53.121,K8S-NODE-01,d.holt,1,chrome.exe,"chrome.exe",cmd.exe,,,SHA256=000d7d46f5ac25f1000d7d46f5ac25f1000d7d46f5ac25f1000d7d46f5ac25f1
2026-02-06 21:24:29.134,WIN-HELPDESK-12,svc.export,1,chrome.exe,"chrome.exe",systemd,,,SHA256=00229e3c4ffe6d5400229e3c4ffe6d5400229e3c4ffe6d5400229e3c4ffe6d54
2026-02-06 21:29:11.137,WIN-FIN-WS17,svc.sync,1,sshd,"sshd",explorer.exe,,,SHA256=0002656748e0954b0002656748e0954b0002656748e0954b0002656748e0954b
2026-02-06 21:34:29.107,K8S-NODE-01,a.kim,1,slack.exe,"slack.exe",explorer.exe,,,SHA256=001e1242ccb1ad20001e1242ccb1ad20001e1242ccb1ad20001e1242ccb1ad20
2026-02-06 21:38:28.915,WIN-FS01,svc-export,1,node,"node",systemd,,,SHA256=00061731d64fa83900061731d64fa83900061731d64fa83900061731d64fa839
2026-02-06 21:42:19.102,WIN-FS01,svc-build,1,outlook.exe,"outlook.exe",systemd,,,SHA256=001ae987b6c1e744001ae987b6c1e744001ae987b6c1e744001ae987b6c1e744
2026-02-06 21:52:20.330,K8S-NODE-01,d.holt,1,slack.exe,"slack.exe",cmd.exe,,,SHA256=00089ca5748f2eaa00089ca5748f2eaa00089ca5748f2eaa00089ca5748f2eaa
2026-02-06 21:59:02.330,WIN-FIN-WS17,svc.export,1,powershell.exe,"powershell.exe",cmd.exe,,,SHA256=0011de3fc17da1820011de3fc17da1820011de3fc17da1820011de3fc17da182
2026-02-06 22:06:21.130,WIN-HELPDESK-12,svc.export,1,outlook.exe,"outlook.exe",systemd,,,SHA256=002120ea1ea16132002120ea1ea16132002120ea1ea16132002120ea1ea16132
2026-02-06 22:11:00.271,WIN-FS01,a.kim,1,slack.exe,"slack.exe",explorer.exe,,,SHA256=000dcf2331c7a186000dcf2331c7a186000dcf2331c7a186000dcf2331c7a186
2026-02-06 22:20:46.254,WIN-FIN-WS17,svc.export,1,python3,"python3",launchd,,,SHA256=001104e5a8faa5e5001104e5a8faa5e5001104e5a8faa5e5001104e5a8faa5e5
2026-02-06 22:26:31.977,WIN-FIN-WS17,svc.export,1,powershell.exe,"powershell.exe",cmd.exe,,,SHA256=0014b55e8dd607e40014b55e8dd607e40014b55e8dd607e40014b55e8dd607e4
2026-02-06 22:36:22.646,LINUX-JUMP-01,svc.export,1,git,"git",cmd.exe,,,SHA256=001d5a247e142875001d5a247e142875001d5a247e142875001d5a247e142875
2026-02-06 22:43:45.420,K8S-NODE-01,marina.ko,1,chrome.exe,"chrome.exe",explorer.exe,,,SHA256=00216e2da05f945400216e2da05f945400216e2da05f945400216e2da05f9454
2026-02-06 22:47:24.548,WIN-FIN-WS17,a.kim,1,chrome.exe,"chrome.exe",cmd.exe,,,SHA256=001ed9abc655c18e001ed9abc655c18e001ed9abc655c18e001ed9abc655c18e
2026-02-06 22:55:34.422,LINUX-JUMP-01,d.holt,1,chrome.exe,"chrome.exe",cmd.exe,,,SHA256=0020776a1b8faf2c0020776a1b8faf2c0020776a1b8faf2c0020776a1b8faf2c
2026-02-06 23:00:38.895,WIN-FS01,d.holt,1,sshd,"sshd",cmd.exe,,,SHA256=00138d970fbfe96f00138d970fbfe96f00138d970fbfe96f00138d970fbfe96f
2026-02-06 23:11:10.356,WIN-HELPDESK-12,d.holt,1,outlook.exe,"outlook.exe",explorer.exe,,,SHA256=000e270633cb141d000e270633cb141d000e270633cb141d000e270633cb141d
2026-02-06 23:20:39.054,LINUX-WEB-02,marina.ko,1,outlook.exe,"outlook.exe",systemd,,,SHA256=001cb7311f47b1cc001cb7311f47b1cc001cb7311f47b1cc001cb7311f47b1cc
2026-02-06 23:31:43.415,WIN-FIN-WS17,a.kim,1,chrome.exe,"chrome.exe",launchd,,,SHA256=0016b94346bd3a310016b94346bd3a310016b94346bd3a310016b94346bd3a31
2026-02-06 23:36:25.767,WIN-HELPDESK-12,marina.ko,1,powershell.exe,"powershell.exe",systemd,,,SHA256=0014cc1b2dd702e10014cc1b2dd702e10014cc1b2dd702e10014cc1b2dd702e1
2026-02-06 23:42:23.891,K8S-NODE-01,a.kim,1,chrome.exe,"chrome.exe",systemd,,,SHA256=001357678012d503001357678012d503001357678012d503001357678012d503
2026-02-06 23:45:44.801,WIN-HELPDESK-12,svc.sync,1,chrome.exe,"chrome.exe",systemd,,,SHA256=000e7e65ecdb97d9000e7e65ecdb97d9000e7e65ecdb97d9000e7e65ecdb97d9
2026-02-06 23:49:59.504,LINUX-JUMP-01,svc.export,1,chrome.exe,"chrome.exe",explorer.exe,,,SHA256=0000899905460b3e0000899905460b3e0000899905460b3e0000899905460b3e
2026-02-06 23:59:31.417,K8S-NODE-01,a.kim,1,powershell.exe,"powershell.exe",launchd,,,SHA256=00090c66afa9766000090c66afa9766000090c66afa9766000090c66afa97660
2026-02-07 00:08:00.472,WIN-FIN-WS17,svc-export,1,python3,"python3",launchd,,,SHA256=0005cf6c333b3e5a0005cf6c333b3e5a0005cf6c333b3e5a0005cf6c333b3e5a
2026-02-07 00:14:42.394,WIN-FS01,d.holt,1,powershell.exe,"powershell.exe",explorer.exe,,,SHA256=001908b2ddbadd85001908b2ddbadd85001908b2ddbadd85001908b2ddbadd85
2026-02-07 00:20:09.622,WIN-FS01,a.kim,1,powershell.exe,"powershell.exe",launchd,,,SHA256=001241e771e77f94001241e771e77f94001241e771e77f94001241e771e77f94
2026-02-07 00:30:16.988,WIN-FS01,d.holt,1,python3,"python3",launchd,,,SHA256=00153d4171b7e7d500153d4171b7e7d500153d4171b7e7d500153d4171b7e7d5
2026-02-07 00:32:50.471,LINUX-JUMP-01,svc.sync,1,outlook.exe,"outlook.exe",explorer.exe,,,SHA256=0013b41ccc710e2e0013b41ccc710e2e0013b41ccc710e2e0013b41ccc710e2e
2026-02-07 00:37:58.810,WIN-FIN-WS17,svc.export,1,powershell.exe,"powershell.exe",explorer.exe,,,SHA256=00189d95e1305cb300189d95e1305cb300189d95e1305cb300189d95e1305cb3
2026-02-07 00:42:11.832,WIN-FIN-WS17,svc-export,1,slack.exe,"slack.exe",systemd,,,SHA256=0008cee66b5d7ae70008cee66b5d7ae70008cee66b5d7ae70008cee66b5d7ae7
2026-02-07 00:50:31.234,K8S-NODE-01,svc.sync,1,node,"node",launchd,,,SHA256=0001fdcc5a8b6cfb0001fdcc5a8b6cfb0001fdcc5a8b6cfb0001fdcc5a8b6cfb
2026-02-07 00:55:03.128,K8S-NODE-01,d.holt,1,git,"git",cmd.exe,,,SHA256=000cafbe48d74cbb000cafbe48d74cbb000cafbe48d74cbb000cafbe48d74cbb
2026-02-07 01:00:09.600,WIN-FS01,d.holt,1,git,"git",launchd,,,SHA256=0005e8a01bbd56d90005e8a01bbd56d90005e8a01bbd56d90005e8a01bbd56d9
2026-02-07 01:03:00.218,WIN-FIN-WS17,svc.sync,1,python3,"python3",cmd.exe,,,SHA256=0018df8ec3c242de0018df8ec3c242de0018df8ec3c242de0018df8ec3c242de
2026-02-07 01:08:34.048,K8S-NODE-01,svc-export,1,slack.exe,"slack.exe",explorer.exe,,,SHA256=002278e5b7e42ce6002278e5b7e42ce6002278e5b7e42ce6002278e5b7e42ce6
2026-02-07 01:14:37.154,WIN-HELPDESK-12,svc-build,1,node,"node",systemd,,,SHA256=001881c4f0cb8ff4001881c4f0cb8ff4001881c4f0cb8ff4001881c4f0cb8ff4
2026-02-07 01:17:57.500,K8S-NODE-01,marina.ko,1,git,"git",launchd,,,SHA256=000d384187383c83000d384187383c83000d384187383c83000d384187383c83
2026-02-07 01:28:44.945,WIN-HELPDESK-12,marina.ko,1,sshd,"sshd",systemd,,,SHA256=001b53fb860daa95001b53fb860daa95001b53fb860daa95001b53fb860daa95
2026-02-07 01:31:43.899,WIN-FIN-WS17,svc.export,1,slack.exe,"slack.exe",cmd.exe,,,SHA256=001faf0b9aa4cf79001faf0b9aa4cf79001faf0b9aa4cf79001faf0b9aa4cf79
2026-02-07 01:37:33.984,LINUX-JUMP-01,svc-export,1,git,"git",launchd,,,SHA256=0015637a8a8c8eff0015637a8a8c8eff0015637a8a8c8eff0015637a8a8c8eff
2026-02-07 01:41:42.441,LINUX-WEB-02,a.kim,1,chrome.exe,"chrome.exe",explorer.exe,,,SHA256=0010f77d5ef344d00010f77d5ef344d00010f77d5ef344d00010f77d5ef344d0
2026-02-07 01:52:02.463,WIN-FIN-WS17,svc.sync,1,node,"node",launchd,,,SHA256=000484fcec498e1b000484fcec498e1b000484fcec498e1b000484fcec498e1b
2026-02-07 01:56:24.177,WIN-FIN-WS17,marina.ko,1,git,"git",launchd,,,SHA256=00190d0a299abced00190d0a299abced00190d0a299abced00190d0a299abced
2026-02-07 02:00:08.691,LINUX-JUMP-01,svc-export,1,sshd,"sshd",launchd,,,SHA256=001dbe63cdd505b5001dbe63cdd505b5001dbe63cdd505b5001dbe63cdd505b5
2026-02-07 02:03:37.973,WIN-FS01,d.holt,1,slack.exe,"slack.exe",launchd,,,SHA256=001e2ef22535d4f1001e2ef22535d4f1001e2ef22535d4f1001e2ef22535d4f1
2026-02-07 02:14:10.878,WIN-FS01,marina.ko,1,slack.exe,"slack.exe",systemd,,,SHA256=001f97f239309df7001f97f239309df7001f97f239309df7001f97f239309df7
2026-02-07 02:18:03.441,WIN-FIN-WS17,svc.sync,1,chrome.exe,"chrome.exe",launchd,,,SHA256=001405ff42462d4f001405ff42462d4f001405ff42462d4f001405ff42462d4f
2026-02-07 02:29:13.560,WIN-FIN-WS17,a.kim,1,python3,"python3",cmd.exe,,,SHA256=00204c308c1be82600204c308c1be82600204c308c1be82600204c308c1be826
2026-02-07 02:32:09.092,WIN-HELPDESK-12,svc-build,1,powershell.exe,"powershell.exe",launchd,,,SHA256=000532e5953bb7ad000532e5953bb7ad000532e5953bb7ad000532e5953bb7ad
2026-02-07 02:41:45.474,LINUX-JUMP-01,marina.ko,1,node,"node",systemd,,,SHA256=00152e4966f07a9d00152e4966f07a9d00152e4966f07a9d00152e4966f07a9d
2026-02-07 02:45:24.572,WIN-FIN-WS17,marina.ko,1,python3,"python3",explorer.exe,,,SHA256=0016a6ccd37308000016a6ccd37308000016a6ccd37308000016a6ccd3730800
2026-02-07 02:51:09.308,LINUX-JUMP-01,svc.export,1,python3,"python3",launchd,,,SHA256=00116ca15ac4e61000116ca15ac4e61000116ca15ac4e61000116ca15ac4e610
2026-02-07 02:59:26.473,WIN-FIN-WS17,svc.sync,1,chrome.exe,"chrome.exe",systemd,,,SHA256=0007df969e4824e10007df969e4824e10007df969e4824e10007df969e4824e1
2026-02-07 03:08:49.387,LINUX-WEB-02,d.holt,1,sshd,"sshd",cmd.exe,,,SHA256=0012175f25271ffc0012175f25271ffc0012175f25271ffc0012175f25271ffc
2026-02-07 03:15:57.838,WIN-FIN-WS17,svc-build,1,node,"node",systemd,,,SHA256=0017f94b531c93350017f94b531c93350017f94b531c93350017f94b531c9335
2026-02-07 03:26:18.967,LINUX-WEB-02,marina.ko,1,git,"git",cmd.exe,,,SHA256=00040ea6907c3e6c00040ea6907c3e6c00040ea6907c3e6c00040ea6907c3e6c
2026-02-07 03:30:32.108,WIN-HELPDESK-12,d.holt,1,node,"node",systemd,,,SHA256=001de6c98c3a98fc001de6c98c3a98fc001de6c98c3a98fc001de6c98c3a98fc
2026-02-07 03:40:54.446,WIN-FS01,a.kim,1,chrome.exe,"chrome.exe",launchd,,,SHA256=0007bb487d3ea0f20007bb487d3ea0f20007bb487d3ea0f20007bb487d3ea0f2
2026-02-07 03:47:12.860,LINUX-JUMP-01,a.kim,1,git,"git",cmd.exe,,,SHA256=000d45212f1df376000d45212f1df376000d45212f1df376000d45212f1df376
2026-02-07 03:55:39.424,LINUX-JUMP-01,svc.sync,1,sshd,"sshd",systemd,,,SHA256=0006a5c625fce2e30006a5c625fce2e30006a5c625fce2e30006a5c625fce2e3
2026-02-07 03:59:11.355,LINUX-JUMP-01,svc-export,1,powershell.exe,"powershell.exe",cmd.exe,,,SHA256=00079db559b57c7d00079db559b57c7d00079db559b57c7d00079db559b57c7d
2026-02-07 04:04:07.160,LINUX-WEB-02,svc.sync,1,outlook.exe,"outlook.exe",cmd.exe,,,SHA256=0013d75bb7bd32d40013d75bb7bd32d40013d75bb7bd32d40013d75bb7bd32d4
2026-02-07 04:11:44.485,LINUX-WEB-02,d.holt,1,node,"node",cmd.exe,,,SHA256=00142e3f38af7b2100142e3f38af7b2100142e3f38af7b2100142e3f38af7b21
2026-02-07 04:22:25.614,LINUX-WEB-02,svc-build,1,sshd,"sshd",launchd,,,SHA256=000b39ad59c2eb53000b39ad59c2eb53000b39ad59c2eb53000b39ad59c2eb53
2026-02-07 04:31:46.387,WIN-HELPDESK-12,svc.sync,1,node,"node",systemd,,,SHA256=000bc45fbc159b7f000bc45fbc159b7f000bc45fbc159b7f000bc45fbc159b7f
2026-02-07 04:36:34.868,WIN-HELPDESK-12,a.kim,1,node,"node",explorer.exe,,,SHA256=001e2b3665fb88e9001e2b3665fb88e9001e2b3665fb88e9001e2b3665fb88e9
2026-02-07 04:43:27.569,WIN-FIN-WS17,svc-export,1,slack.exe,"slack.exe",systemd,,,SHA256=00080e45dbebc9e600080e45dbebc9e600080e45dbebc9e600080e45dbebc9e6
2026-02-07 04:46:22.371,K8S-NODE-01,svc-export,1,node,"node",cmd.exe,,,SHA256=00219dd2f62c594e00219dd2f62c594e00219dd2f62c594e00219dd2f62c594e
2026-02-07 04:53:26.055,WIN-FS01,svc-export,1,git,"git",launchd,,,SHA256=0004504e7d696d2b0004504e7d696d2b0004504e7d696d2b0004504e7d696d2b
2026-02-07 04:57:27.042,WIN-FIN-WS17,d.holt,1,chrome.exe,"chrome.exe",systemd,,,SHA256=000f5bb8edcb7fed000f5bb8edcb7fed000f5bb8edcb7fed000f5bb8edcb7fed
2026-02-07 05:00:15.661,LINUX-JUMP-01,svc-export,1,python3,"python3",launchd,,,SHA256=0009553df0a7bc4b0009553df0a7bc4b0009553df0a7bc4b0009553df0a7bc4b
2026-02-07 05:09:38.934,WIN-HELPDESK-12,marina.ko,1,python3,"python3",systemd,,,SHA256=000b20892bc12b99000b20892bc12b99000b20892bc12b99000b20892bc12b99
2026-02-07 05:13:47.145,LINUX-JUMP-01,svc.sync,1,chrome.exe,"chrome.exe",cmd.exe,,,SHA256=000ee1489e802b41000ee1489e802b41000ee1489e802b41000ee1489e802b41
2026-02-07 05:16:46.744,K8S-NODE-01,svc.export,1,outlook.exe,"outlook.exe",cmd.exe,,,SHA256=0012f02dd80b19900012f02dd80b19900012f02dd80b19900012f02dd80b1990
2026-02-07 05:21:18.596,LINUX-WEB-02,svc.sync,1,sshd,"sshd",launchd,,,SHA256=00059063080f2b2800059063080f2b2800059063080f2b2800059063080f2b28
2026-02-07 05:31:41.111,LINUX-JUMP-01,svc-export,1,powershell.exe,"powershell.exe",systemd,,,SHA256=001912c11c30c1af001912c11c30c1af001912c11c30c1af001912c11c30c1af
2026-02-07 05:41:22.057,WIN-HELPDESK-12,marina.ko,1,chrome.exe,"chrome.exe",launchd,,,SHA256=001a553685fcb993001a553685fcb993001a553685fcb993001a553685fcb993
2026-02-07 05:45:27.249,K8S-NODE-01,d.holt,1,powershell.exe,"powershell.exe",explorer.exe,,,SHA256=000f3fee439dc7f6000f3fee439dc7f6000f3fee439dc7f6000f3fee439dc7f6
2026-02-07 05:51:13.998,LINUX-WEB-02,svc.export,1,node,"node",cmd.exe,,,SHA256=000df14ee3d37b2a000df14ee3d37b2a000df14ee3d37b2a000df14ee3d37b2a
2026-02-07 06:02:16.100,LINUX-JUMP-01,d.holt,1,git,"git",launchd,,,SHA256=000181c59bec8f3d000181c59bec8f3d000181c59bec8f3d000181c59bec8f3d
2026-02-07 06:10:07.879,LINUX-JUMP-01,svc.sync,1,powershell.exe,"powershell.exe",launchd,,,SHA256=001f5570e9395d87001f5570e9395d87001f5570e9395d87001f5570e9395d87
2026-02-07 06:15:28.811,LINUX-JUMP-01,svc-build,1,powershell.exe,"powershell.exe",systemd,,,SHA256=00212ad32999093800212ad32999093800212ad32999093800212ad329990938
2026-02-07 06:22:27.679,WIN-FS01,svc-export,1,powershell.exe,"powershell.exe",explorer.exe,,,SHA256=0019100db961fc520019100db961fc520019100db961fc520019100db961fc52
2026-02-07 06:32:04.960,WIN-HELPDESK-12,marina.ko,1,sshd,"sshd",launchd,,,SHA256=001b013b22801fa6001b013b22801fa6001b013b22801fa6001b013b22801fa6
2026-02-07 06:38:11.867,WIN-FS01,d.holt,1,sshd,"sshd",launchd,,,SHA256=000b2cdd60b54599000b2cdd60b54599000b2cdd60b54599000b2cdd60b54599
2026-02-07 06:48:50.593,LINUX-WEB-02,svc.sync,1,git,"git",cmd.exe,,,SHA256=0006b43ee65552de0006b43ee65552de0006b43ee65552de0006b43ee65552de
2026-02-07 06:52:57.953,LINUX-JUMP-01,svc.sync,1,python3,"python3",systemd,,,SHA256=000511c9dfa81974000511c9dfa81974000511c9dfa81974000511c9dfa81974
2026-02-07 07:01:57.745,K8S-NODE-01,marina.ko,1,powershell.exe,"powershell.exe",explorer.exe,,,SHA256=00008b4d3282697f00008b4d3282697f00008b4d3282697f00008b4d3282697f
2026-02-07 07:07:08.339,LINUX-JUMP-01,svc-export,1,python3,"python3",systemd,,,SHA256=000e8994d6d0e0d9000e8994d6d0e0d9000e8994d6d0e0d9000e8994d6d0e0d9
2026-02-07 07:18:12.754,WIN-FS01,d.holt,1,slack.exe,"slack.exe",explorer.exe,,,SHA256=001b84bd52b64d6d001b84bd52b64d6d001b84bd52b64d6d001b84bd52b64d6d
2026-02-07 07:25:38.857,WIN-FS01,svc.export,1,sshd,"sshd",systemd,,,SHA256=002141f3c6e757ba002141f3c6e757ba002141f3c6e757ba002141f3c6e757ba
2026-02-07 07:34:06.296,WIN-HELPDESK-12,a.kim,1,slack.exe,"slack.exe",launchd,,,SHA256=000705f83f877212000705f83f877212000705f83f877212000705f83f877212
2026-02-07 07:42:01.972,LINUX-JUMP-01,d.holt,1,python3,"python3",launchd,,,SHA256=00106b8de310066800106b8de310066800106b8de310066800106b8de3100668
2026-02-07 07:51:43.693,K8S-NODE-01,svc-export,1,sshd,"sshd",explorer.exe,,,SHA256=00048fb6348e5fd600048fb6348e5fd600048fb6348e5fd600048fb6348e5fd6
2026-02-07 08:00:37.274,WIN-FIN-WS17,svc-export,1,sshd,"sshd",explorer.exe,,,SHA256=0006aebf3e8926210006aebf3e8926210006aebf3e8926210006aebf3e892621
2026-02-07 08:03:29.681,K8S-NODE-01,marina.ko,1,git,"git",launchd,,,SHA256=001ade810bab40dd001ade810bab40dd001ade810bab40dd001ade810bab40dd
2026-02-07 08:07:32.499,LINUX-WEB-02,a.kim,1,powershell.exe,"powershell.exe",explorer.exe,,,SHA256=00131a9abeaeecfd00131a9abeaeecfd00131a9abeaeecfd00131a9abeaeecfd
2026-02-07 08:16:07.436,LINUX-WEB-02,a.kim,1,powershell.exe,"powershell.exe",systemd,,,SHA256=0009d749bd418b010009d749bd418b010009d749bd418b010009d749bd418b01
2026-02-07 08:22:38.954,LINUX-JUMP-01,svc.sync,1,sshd,"sshd",cmd.exe,,,SHA256=000d205191517cfa000d205191517cfa000d205191517cfa000d205191517cfa
2026-02-07 08:29:47.293,LINUX-JUMP-01,a.kim,1,chrome.exe,"chrome.exe",cmd.exe,,,SHA256=000c049025932311000c049025932311000c049025932311000c049025932311
2026-02-07 08:41:15.820,K8S-NODE-01,svc.export,1,python3,"python3",explorer.exe,,,SHA256=00045750053ef26300045750053ef26300045750053ef26300045750053ef263
2026-02-07 08:44:26.201,WIN-FS01,marina.ko,1,slack.exe,"slack.exe",systemd,,,SHA256=001f543f5f83954a001f543f5f83954a001f543f5f83954a001f543f5f83954a
2026-02-07 08:48:58.467,K8S-NODE-01,svc.export,1,chrome.exe,"chrome.exe",systemd,,,SHA256=001662a3e14a4d69001662a3e14a4d69001662a3e14a4d69001662a3e14a4d69
2026-02-07 08:55:54.615,WIN-FIN-WS17,svc.sync,1,powershell.exe,"powershell.exe",explorer.exe,,,SHA256=0008866b991c3f150008866b991c3f150008866b991c3f150008866b991c3f15
2026-02-07 08:59:36.520,LINUX-JUMP-01,svc.export,1,git,"git",launchd,,,SHA256=0014fe67bf5332fa0014fe67bf5332fa0014fe67bf5332fa0014fe67bf5332fa
2026-02-07 09:10:33.104,WIN-FIN-WS17,svc.export,1,node,"node",cmd.exe,,,SHA256=00152fb3e60a860200152fb3e60a860200152fb3e60a860200152fb3e60a8602
2026-02-07 09:17:48.034,LINUX-WEB-02,a.kim,1,python3,"python3",systemd,,,SHA256=0020c067bb87c0e60020c067bb87c0e60020c067bb87c0e60020c067bb87c0e6
2026-02-07 09:24:36.627,LINUX-WEB-02,svc.export,1,node,"node",cmd.exe,,,SHA256=00060fc8e4ee780200060fc8e4ee780200060fc8e4ee780200060fc8e4ee7802
2026-02-07 09:35:26.783,K8S-NODE-01,svc-export,1,powershell.exe,"powershell.exe",explorer.exe,,,SHA256=00115235e9f1f13400115235e9f1f13400115235e9f1f13400115235e9f1f134
2026-02-07 09:43:50.020,LINUX-JUMP-01,svc-export,1,powershell.exe,"powershell.exe",systemd,,,SHA256=001a24d82caf70eb001a24d82caf70eb001a24d82caf70eb001a24d82caf70eb
2026-02-07 09:50:40.274,K8S-NODE-01,d.holt,1,node,"node",explorer.exe,,,SHA256=002131e2083348c0002131e2083348c0002131e2083348c0002131e2083348c0
2026-02-07 09:55:13.874,WIN-FIN-WS17,a.kim,1,python3,"python3",launchd,,,SHA256=000bac795181a128000bac795181a128000bac795181a128000bac795181a128
2026-02-07 10:02:46.724,K8S-NODE-01,marina.ko,1,git,"git",cmd.exe,,,SHA256=0015e047e69bcd180015e047e69bcd180015e047e69bcd180015e047e69bcd18
2026-02-07 10:13:05.614,LINUX-WEB-02,a.kim,1,chrome.exe,"chrome.exe",systemd,,,SHA256=00093e55aeb291be00093e55aeb291be00093e55aeb291be00093e55aeb291be
2026-02-07 10:22:59.872,WIN-FIN-WS17,a.kim,1,python3,"python3",launchd,,,SHA256=001df05d65247d97001df05d65247d97001df05d65247d97001df05d65247d97
2026-02-07 10:31:56.199,K8S-NODE-01,svc.sync,1,node,"node",systemd,,,SHA256=001c106abbcc0186001c106abbcc0186001c106abbcc0186001c106abbcc0186
2026-02-07 10:42:41.122,LINUX-WEB-02,svc.export,1,chrome.exe,"chrome.exe",systemd,,,SHA256=00218622f856cbc000218622f856cbc000218622f856cbc000218622f856cbc0
2026-02-07 10:46:08.513,LINUX-WEB-02,svc.export,1,sshd,"sshd",explorer.exe,,,SHA256=00026c64c5b4b7a700026c64c5b4b7a700026c64c5b4b7a700026c64c5b4b7a7
2026-02-07 10:49:59.126,LINUX-WEB-02,a.kim,1,chrome.exe,"chrome.exe",cmd.exe,,,SHA256=001ed95c9bc4cedf001ed95c9bc4cedf001ed95c9bc4cedf001ed95c9bc4cedf
2026-02-07 11:00:39.114,LINUX-JUMP-01,svc-build,1,chrome.exe,"chrome.exe",explorer.exe,,,SHA256=000772e1b31c2753000772e1b31c2753000772e1b31c2753000772e1b31c2753
2026-02-07 11:09:47.557,K8S-NODE-01,svc.export,1,node,"node",cmd.exe,,,SHA256=000b618c9b082edd000b618c9b082edd000b618c9b082edd000b618c9b082edd
2026-02-07 11:14:10.646,WIN-HELPDESK-12,d.holt,1,outlook.exe,"outlook.exe",launchd,,,SHA256=0015846d9d5600c50015846d9d5600c50015846d9d5600c50015846d9d5600c5
2026-02-07 11:21:12.427,WIN-FIN-WS17,svc-build,1,chrome.exe,"chrome.exe",explorer.exe,,,SHA256=0017287fa1ff02630017287fa1ff02630017287fa1ff02630017287fa1ff0263
2026-02-07 11:26:57.851,K8S-NODE-01,d.holt,1,powershell.exe,"powershell.exe",explorer.exe,,,SHA256=001dad8df8650b7a001dad8df8650b7a001dad8df8650b7a001dad8df8650b7a
2026-02-07 11:30:30.960,WIN-FS01,svc.sync,1,git,"git",explorer.exe,,,SHA256=0000334f24de1c300000334f24de1c300000334f24de1c300000334f24de1c30
2026-02-07 11:38:15.732,WIN-HELPDESK-12,svc.export,1,powershell.exe,"powershell.exe",systemd,,,SHA256=001be1c75981e5ad001be1c75981e5ad001be1c75981e5ad001be1c75981e5ad
2026-02-07 11:43:04.624,LINUX-JUMP-01,svc-build,1,slack.exe,"slack.exe",explorer.exe,,,SHA256=000f960005bc83bd000f960005bc83bd000f960005bc83bd000f960005bc83bd
2026-02-07 11:51:14.046,LINUX-JUMP-01,svc.export,1,chrome.exe,"chrome.exe",launchd,,,SHA256=001d9b7b13a98517001d9b7b13a98517001d9b7b13a98517001d9b7b13a98517
2026-02-07 11:56:19.563,WIN-HELPDESK-12,d.holt,1,powershell.exe,"powershell.exe",launchd,,,SHA256=0000680fe47e15110000680fe47e15110000680fe47e15110000680fe47e1511
2026-02-07 12:01:07.930,WIN-FIN-WS17,svc.export,1,outlook.exe,"outlook.exe",cmd.exe,,,SHA256=0007b57a4eea94e60007b57a4eea94e60007b57a4eea94e60007b57a4eea94e6
2026-02-07 12:06:28.311,WIN-HELPDESK-12,svc-export,1,sshd,"sshd",explorer.exe,,,SHA256=0002bdfb03ec83e00002bdfb03ec83e00002bdfb03ec83e00002bdfb03ec83e0
2026-02-07 12:13:10.095,WIN-HELPDESK-12,svc.sync,1,sshd,"sshd",launchd,,,SHA256=0020f36ec8e20cfe0020f36ec8e20cfe0020f36ec8e20cfe0020f36ec8e20cfe
2026-02-07 12:22:17.257,LINUX-WEB-02,svc-export,1,chrome.exe,"chrome.exe",explorer.exe,,,SHA256=00091a93f9043dea00091a93f9043dea00091a93f9043dea00091a93f9043dea
2026-02-07 12:31:35.638,WIN-HELPDESK-12,svc.sync,1,python3,"python3",cmd.exe,,,SHA256=001ae93b8eaf9e6d001ae93b8eaf9e6d001ae93b8eaf9e6d001ae93b8eaf9e6d
2026-02-07 12:39:45.006,LINUX-JUMP-01,svc.sync,1,powershell.exe,"powershell.exe",systemd,,,SHA256=001d734579d9e891001d734579d9e891001d734579d9e891001d734579d9e891
2026-02-07 12:50:06.156,K8S-NODE-01,svc.sync,1,outlook.exe,"outlook.exe",systemd,,,SHA256=000c70088283d132000c70088283d132000c70088283d132000c70088283d132
2026-02-07 12:58:07.354,LINUX-JUMP-01,svc-export,1,powershell.exe,"powershell.exe",cmd.exe,,,SHA256=0012e5c5454d75ba0012e5c5454d75ba0012e5c5454d75ba0012e5c5454d75ba
2026-02-07 13:07:45.458,WIN-FIN-WS17,d.holt,1,powershell.exe,"powershell.exe",explorer.exe,,,SHA256=000ce500b6e8ef30000ce500b6e8ef30000ce500b6e8ef30000ce500b6e8ef30
2026-02-07 13:10:25.253,WIN-HELPDESK-12,svc.sync,1,powershell.exe,"powershell.exe",launchd,,,SHA256=00233f43c3070be800233f43c3070be800233f43c3070be800233f43c3070be8
2026-02-07 13:21:14.818,WIN-FIN-WS17,svc.sync,1,python3,"python3",launchd,,,SHA256=0003c2ad8d3b186f0003c2ad8d3b186f0003c2ad8d3b186f0003c2ad8d3b186f
2026-02-07 13:28:02.765,WIN-HELPDESK-12,svc.export,1,python3,"python3",explorer.exe,,,SHA256=000a0d69ee4d3d95000a0d69ee4d3d95000a0d69ee4d3d95000a0d69ee4d3d95
2026-02-07 13:37:21.311,WIN-HELPDESK-12,svc.export,1,powershell.exe,"powershell.exe",explorer.exe,,,SHA256=0009490f32eb1c950009490f32eb1c950009490f32eb1c950009490f32eb1c95
2026-02-07 13:42:42.613,LINUX-WEB-02,svc.sync,1,outlook.exe,"outlook.exe",cmd.exe,,,SHA256=000bf6fa0fde4bd1000bf6fa0fde4bd1000bf6fa0fde4bd1000bf6fa0fde4bd1
2026-02-07 13:49:08.418,WIN-FS01,a.kim,1,slack.exe,"slack.exe",launchd,,,SHA256=001376f2780bf5a3001376f2780bf5a3001376f2780bf5a3001376f2780bf5a3
2026-02-07 13:54:37.572,WIN-HELPDESK-12,svc-export,1,powershell.exe,"powershell.exe",systemd,,,SHA256=00070b7343f1702000070b7343f1702000070b7343f1702000070b7343f17020
2026-02-07 13:57:23.707,WIN-FIN-WS17,svc-build,1,node,"node",explorer.exe,,,SHA256=000f6eda016bfff2000f6eda016bfff2000f6eda016bfff2000f6eda016bfff2
2026-02-07 14:07:16.574,WIN-FIN-WS17,a.kim,1,python3,"python3",systemd,,,SHA256=000c8b05886a698f000c8b05886a698f000c8b05886a698f000c8b05886a698f
2026-02-07 14:13:34.013,LINUX-JUMP-01,marina.ko,1,sshd,"sshd",launchd,,,SHA256=00097722a7204b6f00097722a7204b6f00097722a7204b6f00097722a7204b6f
2026-02-07 14:24:55.011,LINUX-JUMP-01,svc-build,1,powershell.exe,"powershell.exe",launchd,,,SHA256=0015df27e5cec9170015df27e5cec9170015df27e5cec9170015df27e5cec917
2026-02-07 14:28:24.176,WIN-FS01,d.holt,1,outlook.exe,"outlook.exe",systemd,,,SHA256=000ea6c76c58a214000ea6c76c58a214000ea6c76c58a214000ea6c76c58a214
2026-02-07 14:31:19.359,WIN-FIN-WS17,a.kim,1,chrome.exe,"chrome.exe",cmd.exe,,,SHA256=000b127e3b16b935000b127e3b16b935000b127e3b16b935000b127e3b16b935
2026-02-07 14:37:11.016,LINUX-WEB-02,svc.export,1,chrome.exe,"chrome.exe",systemd,,,SHA256=000a4dafd8471fa9000a4dafd8471fa9000a4dafd8471fa9000a4dafd8471fa9
2026-02-07 14:46:06.862,LINUX-WEB-02,a.kim,1,outlook.exe,"outlook.exe",cmd.exe,,,SHA256=001a39f2e29a3cc9001a39f2e29a3cc9001a39f2e29a3cc9001a39f2e29a3cc9
2026-02-07 14:53:29.851,WIN-FIN-WS17,svc.sync,1,node,"node",launchd,,,SHA256=000d9022839776bb000d9022839776bb000d9022839776bb000d9022839776bb
2026-02-07 15:03:21.646,WIN-FS01,svc.sync,1,powershell.exe,"powershell.exe",launchd,,,SHA256=0004dd2ca4c2212d0004dd2ca4c2212d0004dd2ca4c2212d0004dd2ca4c2212d
2026-02-07 15:09:06.483,WIN-HELPDESK-12,svc.export,1,git,"git",cmd.exe,,,SHA256=00154939ec583edb00154939ec583edb00154939ec583edb00154939ec583edb
2026-02-07 15:13:59.249,WIN-FS01,svc-export,1,slack.exe,"slack.exe",systemd,,,SHA256=001797bcb1f11f99001797bcb1f11f99001797bcb1f11f99001797bcb1f11f99
2026-02-07 15:22:33.213,LINUX-WEB-02,d.holt,1,chrome.exe,"chrome.exe",explorer.exe,,,SHA256=00157d537b34e81a00157d537b34e81a00157d537b34e81a00157d537b34e81a
2026-02-07 15:30:52.194,LINUX-WEB-02,d.holt,1,python3,"python3",cmd.exe,,,SHA256=0003479a749ae9b40003479a749ae9b40003479a749ae9b40003479a749ae9b4
2026-02-07 15:41:43.058,WIN-FIN-WS17,svc.sync,1,slack.exe,"slack.exe",systemd,,,SHA256=0021d68c32882fc40021d68c32882fc40021d68c32882fc40021d68c32882fc4
2026-02-07 15:45:19.838,K8S-NODE-01,svc.sync,1,outlook.exe,"outlook.exe",launchd,,,SHA256=0008191f69ea1d7d0008191f69ea1d7d0008191f69ea1d7d0008191f69ea1d7d
2026-02-07 15:49:41.985,WIN-HELPDESK-12,d.holt,1,outlook.exe,"outlook.exe",systemd,,,SHA256=00056b515cbb325900056b515cbb325900056b515cbb325900056b515cbb3259
2026-02-07 15:56:06.370,K8S-NODE-01,a.kim,1,slack.exe,"slack.exe",explorer.exe,,,SHA256=0009e5d5db065c5a0009e5d5db065c5a0009e5d5db065c5a0009e5d5db065c5a
2026-02-07 16:05:54.574,WIN-HELPDESK-12,svc.export,1,python3,"python3",explorer.exe,,,SHA256=0000e6e1972676d20000e6e1972676d20000e6e1972676d20000e6e1972676d2
2026-02-07 16:09:41.446,WIN-FS01,d.holt,1,slack.exe,"slack.exe",launchd,,,SHA256=00174924cef5018000174924cef5018000174924cef5018000174924cef50180
2026-02-07 16:17:24.187,WIN-HELPDESK-12,svc-build,1,python3,"python3",explorer.exe,,,SHA256=0021b5fbaa3b8f140021b5fbaa3b8f140021b5fbaa3b8f140021b5fbaa3b8f14
2026-02-07 16:24:18.585,WIN-HELPDESK-12,svc-export,1,python3,"python3",launchd,,,SHA256=00218bd9d355338600218bd9d355338600218bd9d355338600218bd9d3553386
2026-02-07 16:31:04.306,LINUX-WEB-02,svc-export,1,python3,"python3",cmd.exe,,,SHA256=001e9a0333ce29b0001e9a0333ce29b0001e9a0333ce29b0001e9a0333ce29b0
2026-02-07 16:37:37.058,WIN-FS01,svc-export,1,chrome.exe,"chrome.exe",systemd,,,SHA256=0001100850404d410001100850404d410001100850404d410001100850404d41
2026-02-07 16:41:23.348,WIN-FIN-WS17,svc.export,1,powershell.exe,"powershell.exe",cmd.exe,,,SHA256=000493428737b0dc000493428737b0dc000493428737b0dc000493428737b0dc
2026-02-07 16:51:33.643,WIN-FS01,d.holt,1,outlook.exe,"outlook.exe",cmd.exe,,,SHA256=00159ec41901d9ed00159ec41901d9ed00159ec41901d9ed00159ec41901d9ed
2026-02-07 16:58:00.890,WIN-HELPDESK-12,a.kim,1,chrome.exe,"chrome.exe",launchd,,,SHA256=0016936ba672d2b50016936ba672d2b50016936ba672d2b50016936ba672d2b5
2026-02-07 17:06:41.244,WIN-FIN-WS17,svc-export,1,git,"git",systemd,,,SHA256=00145008cc36a07500145008cc36a07500145008cc36a07500145008cc36a075
2026-02-07 17:10:38.865,LINUX-WEB-02,svc.export,1,git,"git",cmd.exe,,,SHA256=0019258680098eb40019258680098eb40019258680098eb40019258680098eb4
2026-02-07 17:21:31.979,WIN-HELPDESK-12,marina.ko,1,outlook.exe,"outlook.exe",systemd,,,SHA256=00236d5eb6417a1e00236d5eb6417a1e00236d5eb6417a1e00236d5eb6417a1e
2026-02-07 17:28:06.886,WIN-FIN-WS17,svc.sync,1,chrome.exe,"chrome.exe",launchd,,,SHA256=0019f486e66da4700019f486e66da4700019f486e66da4700019f486e66da470
2026-02-07 17:35:32.988,WIN-HELPDESK-12,svc-export,1,python3,"python3",launchd,,,SHA256=0019f0b853b8f05f0019f0b853b8f05f0019f0b853b8f05f0019f0b853b8f05f
2026-02-07 17:43:46.533,LINUX-JUMP-01,svc.export,1,python3,"python3",systemd,,,SHA256=00140f4e79a17f9400140f4e79a17f9400140f4e79a17f9400140f4e79a17f94
2026-02-07 17:50:23.824,WIN-FIN-WS17,svc.sync,1,powershell.exe,"powershell.exe",cmd.exe,,,SHA256=001c12f15055ddfb001c12f15055ddfb001c12f15055ddfb001c12f15055ddfb
2026-02-07 17:56:55.008,WIN-HELPDESK-12,a.kim,1,powershell.exe,"powershell.exe",launchd,,,SHA256=00047b0470a5fd2100047b0470a5fd2100047b0470a5fd2100047b0470a5fd21
2026-02-07 18:05:14.924,WIN-HELPDESK-12,svc-export,1,outlook.exe,"outlook.exe",launchd,,,SHA256=00031b4e25318f5d00031b4e25318f5d00031b4e25318f5d00031b4e25318f5d
2026-02-07 18:15:54.224,K8S-NODE-01,a.kim,1,node,"node",explorer.exe,,,SHA256=001a2527af83a5e7001a2527af83a5e7001a2527af83a5e7001a2527af83a5e7
2026-02-07 18:25:07.266,K8S-NODE-01,d.holt,1,node,"node",launchd,,,SHA256=00067d2fcc361e3700067d2fcc361e3700067d2fcc361e3700067d2fcc361e37
2026-02-07 18:30:27.007,LINUX-WEB-02,a.kim,1,node,"node",launchd,,,SHA256=000385c003f13a3f000385c003f13a3f000385c003f13a3f000385c003f13a3f
2026-02-07 18:39:03.972,K8S-NODE-01,marina.ko,1,chrome.exe,"chrome.exe",cmd.exe,,,SHA256=0002b1e173af045c0002b1e173af045c0002b1e173af045c0002b1e173af045c
2026-02-07 18:42:27.714,LINUX-WEB-02,svc-export,1,powershell.exe,"powershell.exe",explorer.exe,,,SHA256=0000d86f5823ab0d0000d86f5823ab0d0000d86f5823ab0d0000d86f5823ab0d
2026-02-07 18:47:25.208,WIN-HELPDESK-12,svc-build,1,git,"git",launchd,,,SHA256=0009261f4f7e21dc0009261f4f7e21dc0009261f4f7e21dc0009261f4f7e21dc
2026-02-07 18:54:30.201,WIN-HELPDESK-12,svc-export,1,slack.exe,"slack.exe",systemd,,,SHA256=000875503295dbf5000875503295dbf5000875503295dbf5000875503295dbf5
2026-02-07 19:05:08.383,LINUX-JUMP-01,svc.export,1,git,"git",launchd,,,SHA256=0012018cfa06b2600012018cfa06b2600012018cfa06b2600012018cfa06b260
2026-02-07 19:11:01.682,WIN-HELPDESK-12,d.holt,1,outlook.exe,"outlook.exe",explorer.exe,,,SHA256=002088b2d977cadc002088b2d977cadc002088b2d977cadc002088b2d977cadc
2026-02-07 19:18:36.254,WIN-FS01,d.holt,1,outlook.exe,"outlook.exe",systemd,,,SHA256=000616c8ece7edc6000616c8ece7edc6000616c8ece7edc6000616c8ece7edc6
2026-02-07 19:25:06.680,LINUX-JUMP-01,a.kim,1,slack.exe,"slack.exe",cmd.exe,,,SHA256=001b506f5540f8a0001b506f5540f8a0001b506f5540f8a0001b506f5540f8a0
2026-02-07 19:36:06.196,K8S-NODE-01,svc-build,1,node,"node",launchd,,,SHA256=00206e0147c8500000206e0147c8500000206e0147c8500000206e0147c85000
2026-02-07 19:47:30.854,K8S-NODE-01,a.kim,1,python3,"python3",explorer.exe,,,SHA256=001d070734292f19001d070734292f19001d070734292f19001d070734292f19
2026-02-07 19:53:34.483,LINUX-WEB-02,a.kim,1,powershell.exe,"powershell.exe",cmd.exe,,,SHA256=00056a4d7a56c42700056a4d7a56c42700056a4d7a56c42700056a4d7a56c427
2026-02-07 20:02:30.149,K8S-NODE-01,marina.ko,1,chrome.exe,"chrome.exe",explorer.exe,,,SHA256=0006dfd4122300510006dfd4122300510006dfd4122300510006dfd412230051
2026-02-07 20:13:00.093,WIN-FIN-WS17,d.holt,1,python3,"python3",cmd.exe,,,SHA256=0018ecd7297c2ee60018ecd7297c2ee60018ecd7297c2ee60018ecd7297c2ee6
2026-02-07 20:16:56.308,K8S-NODE-01,svc-build,1,sshd,"sshd",cmd.exe,,,SHA256=001529a59d819b02001529a59d819b02001529a59d819b02001529a59d819b02
2026-02-07 20:22:13.137,LINUX-WEB-02,a.kim,1,sshd,"sshd",launchd,,,SHA256=000b0be232ea1404000b0be232ea1404000b0be232ea1404000b0be232ea1404
2026-02-07 20:25:45.440,LINUX-JUMP-01,svc-export,1,git,"git",launchd,,,SHA256=000894d6b53fd04f000894d6b53fd04f000894d6b53fd04f000894d6b53fd04f
2026-02-07 20:34:43.665,WIN-HELPDESK-12,svc-build,1,sshd,"sshd",systemd,,,SHA256=00045e870bae535000045e870bae535000045e870bae535000045e870bae5350
2026-02-07 20:44:01.934,K8S-NODE-01,svc-build,1,powershell.exe,"powershell.exe",launchd,,,SHA256=000f9f642f7866c6000f9f642f7866c6000f9f642f7866c6000f9f642f7866c6
2026-02-07 20:50:27.213,WIN-HELPDESK-12,svc.sync,1,sshd,"sshd",explorer.exe,,,SHA256=0009527253dd38b40009527253dd38b40009527253dd38b40009527253dd38b4
2026-02-07 20:57:25.669,WIN-HELPDESK-12,d.holt,1,powershell.exe,"powershell.exe",cmd.exe,,,SHA256=0004bdd77e6016940004bdd77e6016940004bdd77e6016940004bdd77e601694
2026-02-07 21:00:14.081,K8S-NODE-01,a.kim,1,git,"git",launchd,,,SHA256=0001b72079445b930001b72079445b930001b72079445b930001b72079445b93
2026-02-07 21:09:56.048,WIN-FIN-WS17,marina.ko,1,git,"git",launchd,,,SHA256=0000f9241aafcb080000f9241aafcb080000f9241aafcb080000f9241aafcb08
2026-02-07 21:18:09.962,WIN-FIN-WS17,svc-export,1,git,"git",systemd,,,SHA256=001400d823f50966001400d823f50966001400d823f50966001400d823f50966
2026-02-07 21:24:22.061,WIN-FS01,svc.sync,1,outlook.exe,"outlook.exe",cmd.exe,,,SHA256=000593569fb8054d000593569fb8054d000593569fb8054d000593569fb8054d
2026-02-07 21:27:46.165,K8S-NODE-01,marina.ko,1,python3,"python3",explorer.exe,,,SHA256=0013f6c1b51e37960013f6c1b51e37960013f6c1b51e37960013f6c1b51e3796
2026-02-07 21:37:13.166,LINUX-JUMP-01,svc.export,1,python3,"python3",explorer.exe,,,SHA256=0000545e0b1f7c620000545e0b1f7c620000545e0b1f7c620000545e0b1f7c62
2026-02-07 21:48:18.295,WIN-FIN-WS17,svc-build,1,outlook.exe,"outlook.exe",launchd,,,SHA256=002207f136b6389a002207f136b6389a002207f136b6389a002207f136b6389a
2026-02-07 21:56:01.423,LINUX-JUMP-01,svc.export,1,python3,"python3",cmd.exe,,,SHA256=0013bc7bd0b5565d0013bc7bd0b5565d0013bc7bd0b5565d0013bc7bd0b5565d
2026-02-07 22:00:22.885,LINUX-JUMP-01,marina.ko,1,git,"git",launchd,,,SHA256=000cffb44e83b052000cffb44e83b052000cffb44e83b052000cffb44e83b052
2026-02-07 22:09:30.936,WIN-FS01,svc-export,1,chrome.exe,"chrome.exe",launchd,,,SHA256=001c8b03006896df001c8b03006896df001c8b03006896df001c8b03006896df
2026-02-07 22:15:22.098,WIN-HELPDESK-12,svc.export,1,chrome.exe,"chrome.exe",launchd,,,SHA256=000fad4a1a2983a4000fad4a1a2983a4000fad4a1a2983a4000fad4a1a2983a4
2026-02-07 22:19:26.279,WIN-FS01,a.kim,1,sshd,"sshd",launchd,,,SHA256=0019edc9a3b99ed80019edc9a3b99ed80019edc9a3b99ed80019edc9a3b99ed8
2026-02-07 22:24:57.238,LINUX-JUMP-01,svc-build,1,node,"node",explorer.exe,,,SHA256=002365f86f62bf56002365f86f62bf56002365f86f62bf56002365f86f62bf56
2026-02-07 22:29:57.218,LINUX-JUMP-01,marina.ko,1,sshd,"sshd",cmd.exe,,,SHA256=0018f6967954d97e0018f6967954d97e0018f6967954d97e0018f6967954d97e
2026-02-07 22:40:32.442,WIN-FS01,a.kim,1,powershell.exe,"powershell.exe",explorer.exe,,,SHA256=00049d53deeeb22e00049d53deeeb22e00049d53deeeb22e00049d53deeeb22e
2026-02-07 22:51:12.650,LINUX-JUMP-01,svc.sync,1,slack.exe,"slack.exe",cmd.exe,,,SHA256=001aafe17e42f289001aafe17e42f289001aafe17e42f289001aafe17e42f289
2026-02-07 22:55:00.541,LINUX-WEB-02,svc.sync,1,slack.exe,"slack.exe",explorer.exe,,,SHA256=001e500a580fb647001e500a580fb647001e500a580fb647001e500a580fb647
2026-02-07 22:59:42.324,LINUX-WEB-02,svc-export,1,git,"git",systemd,,,SHA256=000a772300c831b3000a772300c831b3000a772300c831b3000a772300c831b3
2026-02-07 23:10:43.710,WIN-FIN-WS17,a.kim,1,node,"node",explorer.exe,,,SHA256=0021b18ffc9665b40021b18ffc9665b40021b18ffc9665b40021b18ffc9665b4
2026-02-07 23:21:40.507,LINUX-JUMP-01,marina.ko,1,powershell.exe,"powershell.exe",cmd.exe,,,SHA256=0006ab9c04bdd76e0006ab9c04bdd76e0006ab9c04bdd76e0006ab9c04bdd76e
2026-02-07 23:26:32.144,LINUX-WEB-02,svc.sync,1,outlook.exe,"outlook.exe",explorer.exe,,,SHA256=00017ac5335c365900017ac5335c365900017ac5335c365900017ac5335c3659
2026-02-07 23:31:51.422,K8S-NODE-01,svc-export,1,node,"node",systemd,,,SHA256=0006e3b96f5796e60006e3b96f5796e60006e3b96f5796e60006e3b96f5796e6
2026-02-07 23:34:44.633,WIN-HELPDESK-12,svc.export,1,powershell.exe,"powershell.exe",cmd.exe,,,SHA256=0004867c5146b9080004867c5146b9080004867c5146b9080004867c5146b908
2026-02-07 23:42:31.868,K8S-NODE-01,svc.sync,1,python3,"python3",explorer.exe,,,SHA256=0008a524988689390008a524988689390008a524988689390008a52498868939
2026-02-07 23:53:05.530,WIN-HELPDESK-12,svc.export,1,sshd,"sshd",systemd,,,SHA256=0000f13c46f4f7da0000f13c46f4f7da0000f13c46f4f7da0000f13c46f4f7da
2026-02-07 23:58:52.086,WIN-FS01,d.holt,1,python3,"python3",launchd,,,SHA256=00031c0e5f8d35f400031c0e5f8d35f400031c0e5f8d35f400031c0e5f8d35f4
2026-02-08 00:08:53.218,WIN-FS01,a.kim,1,slack.exe,"slack.exe",launchd,,,SHA256=001242815938afcf001242815938afcf001242815938afcf001242815938afcf
2026-02-08 00:19:11.554,K8S-NODE-01,svc-build,1,sshd,"sshd",systemd,,,SHA256=00076791fa508cd000076791fa508cd000076791fa508cd000076791fa508cd0
2026-02-08 00:28:25.833,K8S-NODE-01,d.holt,1,python3,"python3",systemd,,,SHA256=0003866f5f8861a60003866f5f8861a60003866f5f8861a60003866f5f8861a6
2026-02-08 00:36:52.004,K8S-NODE-01,svc.sync,1,outlook.exe,"outlook.exe",explorer.exe,,,SHA256=00034228449aecac00034228449aecac00034228449aecac00034228449aecac
2026-02-08 00:43:10.597,WIN-FS01,marina.ko,1,node,"node",cmd.exe,,,SHA256=0018af94a5ee76000018af94a5ee76000018af94a5ee76000018af94a5ee7600
2026-02-08 00:53:05.605,WIN-FS01,svc-build,1,git,"git",systemd,,,SHA256=0007f4594e0093cc0007f4594e0093cc0007f4594e0093cc0007f4594e0093cc
2026-02-08 00:57:53.761,K8S-NODE-01,marina.ko,1,python3,"python3",cmd.exe,,,SHA256=00175652d63ff0b200175652d63ff0b200175652d63ff0b200175652d63ff0b2
2026-02-08 01:08:01.850,K8S-NODE-01,d.holt,1,outlook.exe,"outlook.exe",cmd.exe,,,SHA256=000f005464771552000f005464771552000f005464771552000f005464771552
2026-02-08 01:19:28.774,WIN-FIN-WS17,svc.export,1,sshd,"sshd",cmd.exe,,,SHA256=00211ab4dc856f6a00211ab4dc856f6a00211ab4dc856f6a00211ab4dc856f6a
2026-02-08 01:28:12.347,K8S-NODE-01,svc-export,1,outlook.exe,"outlook.exe",explorer.exe,,,SHA256=000cb123226eaffc000cb123226eaffc000cb123226eaffc000cb123226eaffc
2026-02-08 01:31:50.918,WIN-HELPDESK-12,marina.ko,1,node,"node",launchd,,,SHA256=000a73db82bf6f83000a73db82bf6f83000a73db82bf6f83000a73db82bf6f83
2026-02-08 01:41:18.299,LINUX-WEB-02,svc.sync,1,python3,"python3",cmd.exe,,,SHA256=000d62552524a21e000d62552524a21e000d62552524a21e000d62552524a21e
2026-02-08 01:50:47.278,WIN-HELPDESK-12,svc-build,1,powershell.exe,"powershell.exe",launchd,,,SHA256=00205284c10c172c00205284c10c172c00205284c10c172c00205284c10c172c
2026-02-08 02:01:01.116,LINUX-JUMP-01,a.kim,1,chrome.exe,"chrome.exe",cmd.exe,,,SHA256=002336beabd5d6e2002336beabd5d6e2002336beabd5d6e2002336beabd5d6e2
2026-02-08 02:05:21.539,LINUX-JUMP-01,svc-build,1,chrome.exe,"chrome.exe",cmd.exe,,,SHA256=00192550b637fdb600192550b637fdb600192550b637fdb600192550b637fdb6
2026-02-08 02:08:42.210,LINUX-JUMP-01,a.kim,1,chrome.exe,"chrome.exe",cmd.exe,,,SHA256=00165d936c2a88bc00165d936c2a88bc00165d936c2a88bc00165d936c2a88bc
2026-02-08 02:13:53.727,LINUX-JUMP-01,marina.ko,1,powershell.exe,"powershell.exe",launchd,,,SHA256=000a91701c26af3c000a91701c26af3c000a91701c26af3c000a91701c26af3c
2026-02-08 02:22:13.645,WIN-HELPDESK-12,svc-build,1,git,"git",launchd,,,SHA256=0012a56971ecb5310012a56971ecb5310012a56971ecb5310012a56971ecb531
2026-02-08 02:30:25.633,LINUX-WEB-02,d.holt,1,sshd,"sshd",explorer.exe,,,SHA256=000eaae5f43be778000eaae5f43be778000eaae5f43be778000eaae5f43be778
2026-02-08 02:39:26.962,K8S-NODE-01,svc-build,1,outlook.exe,"outlook.exe",explorer.exe,,,SHA256=001dd0bf92327dcb001dd0bf92327dcb001dd0bf92327dcb001dd0bf92327dcb
2026-02-08 02:50:43.296,WIN-HELPDESK-12,svc-export,1,outlook.exe,"outlook.exe",systemd,,,SHA256=000445759b80bfe2000445759b80bfe2000445759b80bfe2000445759b80bfe2
2026-02-08 03:01:23.096,WIN-FIN-WS17,marina.ko,1,sshd,"sshd",cmd.exe,,,SHA256=000dc3e3cf31d256000dc3e3cf31d256000dc3e3cf31d256000dc3e3cf31d256
2026-02-08 03:06:58.525,LINUX-JUMP-01,svc.sync,1,git,"git",systemd,,,SHA256=0009af6473aa4d0d0009af6473aa4d0d0009af6473aa4d0d0009af6473aa4d0d
2026-02-08 03:10:11.943,WIN-HELPDESK-12,svc.export,1,sshd,"sshd",explorer.exe,,,SHA256=0014327568d700600014327568d700600014327568d700600014327568d70060
2026-02-08 03:21:32.090,WIN-FS01,svc-build,1,node,"node",cmd.exe,,,SHA256=002199cbee07673e002199cbee07673e002199cbee07673e002199cbee07673e
2026-02-08 03:27:45.760,LINUX-WEB-02,marina.ko,1,slack.exe,"slack.exe",cmd.exe,,,SHA256=000cf338d59a03ee000cf338d59a03ee000cf338d59a03ee000cf338d59a03ee
2026-02-08 03:37:51.811,WIN-HELPDESK-12,d.holt,1,chrome.exe,"chrome.exe",explorer.exe,,,SHA256=001dd7f3ac9e9a4b001dd7f3ac9e9a4b001dd7f3ac9e9a4b001dd7f3ac9e9a4b
2026-02-08 03:41:36.198,WIN-FIN-WS17,a.kim,1,chrome.exe,"chrome.exe",systemd,,,SHA256=00125a0c035db58100125a0c035db58100125a0c035db58100125a0c035db581
2026-02-08 03:48:19.425,LINUX-WEB-02,a.kim,1,outlook.exe,"outlook.exe",cmd.exe,,,SHA256=001f57396b2f78bc001f57396b2f78bc001f57396b2f78bc001f57396b2f78bc
2026-02-08 03:51:40.403,K8S-NODE-01,svc.export,1,chrome.exe,"chrome.exe",systemd,,,SHA256=0008666094b1314b0008666094b1314b0008666094b1314b0008666094b1314b
2026-02-08 03:57:10.714,WIN-HELPDESK-12,d.holt,1,powershell.exe,"powershell.exe",cmd.exe,,,SHA256=00123186e12cce1e00123186e12cce1e00123186e12cce1e00123186e12cce1e
2026-02-08 04:02:27.233,LINUX-WEB-02,d.holt,1,powershell.exe,"powershell.exe",explorer.exe,,,SHA256=000246c7835a13ac000246c7835a13ac000246c7835a13ac000246c7835a13ac
2026-02-08 04:05:34.014,WIN-FIN-WS17,svc-export,1,outlook.exe,"outlook.exe",launchd,,,SHA256=000dcbbf538e6ca4000dcbbf538e6ca4000dcbbf538e6ca4000dcbbf538e6ca4
2026-02-08 04:08:30.277,WIN-HELPDESK-12,marina.ko,1,slack.exe,"slack.exe",explorer.exe,,,SHA256=0019ed1bb2e666f20019ed1bb2e666f20019ed1bb2e666f20019ed1bb2e666f2
2026-02-08 04:12:02.851,K8S-NODE-01,d.holt,1,node,"node",cmd.exe,,,SHA256=0011a59e3f7092040011a59e3f7092040011a59e3f7092040011a59e3f709204
2026-02-08 04:15:39.976,LINUX-WEB-02,marina.ko,1,node,"node",explorer.exe,,,SHA256=0004a3f2d7015e500004a3f2d7015e500004a3f2d7015e500004a3f2d7015e50
2026-02-08 04:24:39.061,K8S-NODE-01,a.kim,1,python3,"python3",explorer.exe,,,SHA256=001fdf48fdf91f8e001fdf48fdf91f8e001fdf48fdf91f8e001fdf48fdf91f8e
2026-02-08 04:30:42.780,WIN-HELPDESK-12,marina.ko,1,python3,"python3",launchd,,,SHA256=001bbd310ac03a1e001bbd310ac03a1e001bbd310ac03a1e001bbd310ac03a1e
2026-02-08 04:36:13.402,LINUX-WEB-02,d.holt,1,git,"git",cmd.exe,,,SHA256=00150734a0df219000150734a0df219000150734a0df219000150734a0df2190
2026-02-08 04:45:20.891,WIN-FS01,svc.sync,1,git,"git",launchd,,,SHA256=000c3d769be4f151000c3d769be4f151000c3d769be4f151000c3d769be4f151
2026-02-08 04:55:11.257,WIN-FS01,svc-build,1,powershell.exe,"powershell.exe",explorer.exe,,,SHA256=0008ea36406b61e80008ea36406b61e80008ea36406b61e80008ea36406b61e8
2026-02-08 05:06:01.775,WIN-HELPDESK-12,d.holt,1,python3,"python3",explorer.exe,,,SHA256=0003f89339c27c3c0003f89339c27c3c0003f89339c27c3c0003f89339c27c3c
2026-02-08 05:08:41.686,LINUX-JUMP-01,a.kim,1,sshd,"sshd",launchd,,,SHA256=001ba00e732b01e9001ba00e732b01e9001ba00e732b01e9001ba00e732b01e9
2026-02-08 05:13:12.249,LINUX-WEB-02,d.holt,1,git,"git",explorer.exe,,,SHA256=0012aa65839cdc880012aa65839cdc880012aa65839cdc880012aa65839cdc88
2026-02-08 05:21:28.686,WIN-HELPDESK-12,svc-export,1,outlook.exe,"outlook.exe",explorer.exe,,,SHA256=0021bce810c857720021bce810c857720021bce810c857720021bce810c85772
2026-02-08 05:29:07.567,K8S-NODE-01,svc-build,1,git,"git",systemd,,,SHA256=00043fcd12be3e6f00043fcd12be3e6f00043fcd12be3e6f00043fcd12be3e6f
2026-02-08 05:35:34.149,WIN-HELPDESK-12,svc.export,1,python3,"python3",launchd,,,SHA256=001606d64cb18949001606d64cb18949001606d64cb18949001606d64cb18949
2026-02-08 05:44:31.564,LINUX-WEB-02,d.holt,1,chrome.exe,"chrome.exe",cmd.exe,,,SHA256=001103cf9bdccf3e001103cf9bdccf3e001103cf9bdccf3e001103cf9bdccf3e
2026-02-08 05:48:22.643,WIN-FIN-WS17,svc-build,1,git,"git",systemd,,,SHA256=000780f3d514a6bf000780f3d514a6bf000780f3d514a6bf000780f3d514a6bf
2026-02-08 05:56:59.537,WIN-HELPDESK-12,svc-export,1,slack.exe,"slack.exe",cmd.exe,,,SHA256=0002bbdda449250b0002bbdda449250b0002bbdda449250b0002bbdda449250b
2026-02-08 06:06:28.750,K8S-NODE-01,svc-build,1,chrome.exe,"chrome.exe",cmd.exe,,,SHA256=001159d0eb763681001159d0eb763681001159d0eb763681001159d0eb763681
2026-02-08 06:12:01.169,WIN-FIN-WS17,a.kim,1,slack.exe,"slack.exe",cmd.exe,,,SHA256=0003b5c1597553b50003b5c1597553b50003b5c1597553b50003b5c1597553b5
2026-02-08 06:14:48.340,K8S-NODE-01,svc-build,1,outlook.exe,"outlook.exe",launchd,,,SHA256=001e02ec699178bb001e02ec699178bb001e02ec699178bb001e02ec699178bb
2026-02-08 06:18:16.424,K8S-NODE-01,d.holt,1,outlook.exe,"outlook.exe",cmd.exe,,,SHA256=0016f2e110680b1d0016f2e110680b1d0016f2e110680b1d0016f2e110680b1d
2026-02-08 06:21:45.755,WIN-FS01,d.holt,1,sshd,"sshd",cmd.exe,,,SHA256=0014c25edfa7d8720014c25edfa7d8720014c25edfa7d8720014c25edfa7d872
2026-02-08 06:32:42.964,LINUX-WEB-02,a.kim,1,node,"node",cmd.exe,,,SHA256=001cf160d6025aa1001cf160d6025aa1001cf160d6025aa1001cf160d6025aa1
2026-02-08 06:36:09.541,LINUX-WEB-02,svc.sync,1,sshd,"sshd",systemd,,,SHA256=002140fa870e4822002140fa870e4822002140fa870e4822002140fa870e4822
2026-02-08 06:39:49.277,LINUX-WEB-02,d.holt,1,python3,"python3",explorer.exe,,,SHA256=0019064418def5df0019064418def5df0019064418def5df0019064418def5df
2026-02-08 06:48:39.947,K8S-NODE-01,a.kim,1,sshd,"sshd",launchd,,,SHA256=001bd62330f28594001bd62330f28594001bd62330f28594001bd62330f28594
2026-02-08 06:57:13.310,LINUX-WEB-02,svc.sync,1,chrome.exe,"chrome.exe",launchd,,,SHA256=00098895c23f16a900098895c23f16a900098895c23f16a900098895c23f16a9
2026-02-08 06:59:52.087,WIN-FS01,svc.sync,1,node,"node",launchd,,,SHA256=000c464120178103000c464120178103000c464120178103000c464120178103
2026-02-08 07:03:42.048,LINUX-JUMP-01,svc.sync,1,chrome.exe,"chrome.exe",systemd,,,SHA256=001134d20cf35846001134d20cf35846001134d20cf35846001134d20cf35846
2026-02-08 07:11:49.225,LINUX-WEB-02,svc.export,1,slack.exe,"slack.exe",systemd,,,SHA256=000a4edc8edd6371000a4edc8edd6371000a4edc8edd6371000a4edc8edd6371
2026-02-08 07:17:33.082,LINUX-WEB-02,d.holt,1,chrome.exe,"chrome.exe",launchd,,,SHA256=000ebe2cc81327e9000ebe2cc81327e9000ebe2cc81327e9000ebe2cc81327e9
2026-02-08 07:22:21.331,WIN-FS01,a.kim,1,git,"git",explorer.exe,,,SHA256=0000ac533ae9f0450000ac533ae9f0450000ac533ae9f0450000ac533ae9f045
2026-02-08 07:26:54.855,K8S-NODE-01,a.kim,1,python3,"python3",systemd,,,SHA256=0000d4324b55a6750000d4324b55a6750000d4324b55a6750000d4324b55a675
2026-02-08 07:35:14.624,LINUX-JUMP-01,marina.ko,1,node,"node",launchd,,,SHA256=0003adc85b773e280003adc85b773e280003adc85b773e280003adc85b773e28
2026-02-08 07:43:47.883,LINUX-JUMP-01,svc-export,1,slack.exe,"slack.exe",explorer.exe,,,SHA256=001e47f2233d1772001e47f2233d1772001e47f2233d1772001e47f2233d1772
2026-02-08 07:50:38.486,LINUX-WEB-02,d.holt,1,git,"git",systemd,,,SHA256=0003ec69e6b103200003ec69e6b103200003ec69e6b103200003ec69e6b10320
2026-02-08 07:57:04.891,WIN-FIN-WS17,svc-export,1,git,"git",cmd.exe,,,SHA256=0020f968d63a394a0020f968d63a394a0020f968d63a394a0020f968d63a394a
2026-02-08 08:04:06.735,LINUX-JUMP-01,svc-export,1,powershell.exe,"powershell.exe",explorer.exe,,,SHA256=000a92fc1249efec000a92fc1249efec000a92fc1249efec000a92fc1249efec
2026-02-08 08:07:53.406,WIN-HELPDESK-12,d.holt,1,python3,"python3",explorer.exe,,,SHA256=0011a28b7af122c60011a28b7af122c60011a28b7af122c60011a28b7af122c6
2026-02-08 08:11:50.870,LINUX-WEB-02,svc-build,1,slack.exe,"slack.exe",systemd,,,SHA256=00209c240b13d6a200209c240b13d6a200209c240b13d6a200209c240b13d6a2
2026-02-08 08:23:19.997,K8S-NODE-01,d.holt,1,chrome.exe,"chrome.exe",cmd.exe,,,SHA256=001003ef2c5681ce001003ef2c5681ce001003ef2c5681ce001003ef2c5681ce
2026-02-08 08:29:33.533,LINUX-JUMP-01,a.kim,1,git,"git",explorer.exe,,,SHA256=00040048899c988500040048899c988500040048899c988500040048899c9885
2026-02-08 08:40:40.960,WIN-FS01,svc.export,1,python3,"python3",systemd,,,SHA256=0014066fee25575e0014066fee25575e0014066fee25575e0014066fee25575e
2026-02-08 08:47:51.062,WIN-FS01,a.kim,1,git,"git",explorer.exe,,,SHA256=00166c21738b172a00166c21738b172a00166c21738b172a00166c21738b172a
2026-02-08 08:52:39.884,WIN-FIN-WS17,svc.export,1,node,"node",explorer.exe,,,SHA256=001f2b2d71198cc6001f2b2d71198cc6001f2b2d71198cc6001f2b2d71198cc6
2026-02-08 09:03:44.610,WIN-HELPDESK-12,svc.sync,1,git,"git",launchd,,,SHA256=001e87a70e04a4cc001e87a70e04a4cc001e87a70e04a4cc001e87a70e04a4cc
2026-02-08 09:11:38.146,WIN-HELPDESK-12,marina.ko,1,slack.exe,"slack.exe",launchd,,,SHA256=001ec66ad482fe26001ec66ad482fe26001ec66ad482fe26001ec66ad482fe26
2026-02-08 09:21:19.966,K8S-NODE-01,svc.sync,1,slack.exe,"slack.exe",launchd,,,SHA256=001fb4e3e3caafee001fb4e3e3caafee001fb4e3e3caafee001fb4e3e3caafee
2026-02-08 09:28:00.017,WIN-FIN-WS17,a.kim,1,chrome.exe,"chrome.exe",systemd,,,SHA256=000822210c7dd627000822210c7dd627000822210c7dd627000822210c7dd627
2026-02-08 09:32:26.811,WIN-FS01,svc.export,1,powershell.exe,"powershell.exe",explorer.exe,,,SHA256=001698c58afaa631001698c58afaa631001698c58afaa631001698c58afaa631
2026-02-08 09:37:19.691,WIN-HELPDESK-12,svc-export,1,python3,"python3",cmd.exe,,,SHA256=000ee414014856fd000ee414014856fd000ee414014856fd000ee414014856fd
2026-02-08 09:47:28.773,WIN-FS01,svc.sync,1,chrome.exe,"chrome.exe",cmd.exe,,,SHA256=000607057a2b4a76000607057a2b4a76000607057a2b4a76000607057a2b4a76
2026-02-08 09:53:13.151,WIN-HELPDESK-12,svc.sync,1,python3,"python3",systemd,,,SHA256=0009cb4879986c9c0009cb4879986c9c0009cb4879986c9c0009cb4879986c9c
2026-02-08 09:58:26.284,K8S-NODE-01,a.kim,1,chrome.exe,"chrome.exe",launchd,,,SHA256=001e78a27b86fa37001e78a27b86fa37001e78a27b86fa37001e78a27b86fa37
2026-02-08 10:02:03.443,WIN-FS01,svc-export,1,slack.exe,"slack.exe",systemd,,,SHA256=000ccc58a898a438000ccc58a898a438000ccc58a898a438000ccc58a898a438
2026-02-08 10:04:34.841,LINUX-WEB-02,marina.ko,1,outlook.exe,"outlook.exe",explorer.exe,,,SHA256=00217363b9ad9e2000217363b9ad9e2000217363b9ad9e2000217363b9ad9e20
2026-02-08 10:12:23.527,K8S-NODE-01,svc-export,1,sshd,"sshd",systemd,,,SHA256=001ea578bb866501001ea578bb866501001ea578bb866501001ea578bb866501
2026-02-08 10:15:51.931,LINUX-JUMP-01,svc.sync,1,sshd,"sshd",cmd.exe,,,SHA256=00153c7e28ee41f400153c7e28ee41f400153c7e28ee41f400153c7e28ee41f4
2026-02-08 10:21:46.515,K8S-NODE-01,marina.ko,1,chrome.exe,"chrome.exe",systemd,,,SHA256=00067d8ef971861e00067d8ef971861e00067d8ef971861e00067d8ef971861e
2026-02-08 10:26:46.472,WIN-FS01,svc.export,1,chrome.exe,"chrome.exe",systemd,,,SHA256=0018bad622f98f9d0018bad622f98f9d0018bad622f98f9d0018bad622f98f9d
2026-02-08 10:37:28.724,WIN-HELPDESK-12,a.kim,1,node,"node",explorer.exe,,,SHA256=00137c8d33cc9de900137c8d33cc9de900137c8d33cc9de900137c8d33cc9de9
2026-02-08 10:43:55.269,K8S-NODE-01,marina.ko,1,node,"node",launchd,,,SHA256=001a60f6d1f3a993001a60f6d1f3a993001a60f6d1f3a993001a60f6d1f3a993
2026-02-08 10:47:36.594,K8S-NODE-01,svc.export,1,slack.exe,"slack.exe",explorer.exe,,,SHA256=0009f1641912a66b0009f1641912a66b0009f1641912a66b0009f1641912a66b
2026-02-08 10:58:11.602,K8S-NODE-01,a.kim,1,outlook.exe,"outlook.exe",launchd,,,SHA256=001a51a333fb2071001a51a333fb2071001a51a333fb2071001a51a333fb2071
2026-02-08 11:02:44.163,WIN-FS01,svc.sync,1,powershell.exe,"powershell.exe",cmd.exe,,,SHA256=0013c91a8ae6d31a0013c91a8ae6d31a0013c91a8ae6d31a0013c91a8ae6d31a
2026-02-08 11:09:01.688,LINUX-WEB-02,svc-export,1,powershell.exe,"powershell.exe",systemd,,,SHA256=002207364edfffd4002207364edfffd4002207364edfffd4002207364edfffd4
2026-02-08 11:12:13.391,LINUX-JUMP-01,svc.sync,1,git,"git",explorer.exe,,,SHA256=001c852c224db3d0001c852c224db3d0001c852c224db3d0001c852c224db3d0
2026-02-08 11:15:45.386,K8S-NODE-01,svc.sync,1,sshd,"sshd",explorer.exe,,,SHA256=001d5865d5fd2e75001d5865d5fd2e75001d5865d5fd2e75001d5865d5fd2e75
2026-02-08 11:22:05.270,K8S-NODE-01,a.kim,1,git,"git",launchd,,,SHA256=00016bc76dfa010d00016bc76dfa010d00016bc76dfa010d00016bc76dfa010d
2026-02-08 11:26:48.128,LINUX-JUMP-01,svc-export,1,outlook.exe,"outlook.exe",launchd,,,SHA256=0010a49bff989d890010a49bff989d890010a49bff989d890010a49bff989d89
2026-02-08 11:38:15.269,WIN-FS01,a.kim,1,python3,"python3",launchd,,,SHA256=001d7c5de7c2ad70001d7c5de7c2ad70001d7c5de7c2ad70001d7c5de7c2ad70
2026-02-08 11:43:51.708,LINUX-WEB-02,marina.ko,1,chrome.exe,"chrome.exe",systemd,,,SHA256=00149c466517035600149c466517035600149c466517035600149c4665170356
2026-02-08 11:46:42.300,LINUX-WEB-02,svc.sync,1,outlook.exe,"outlook.exe",launchd,,,SHA256=00174156fd3c187100174156fd3c187100174156fd3c187100174156fd3c1871
2026-02-08 11:51:02.156,WIN-HELPDESK-12,svc.export,1,powershell.exe,"powershell.exe",cmd.exe,,,SHA256=001716fe24441d18001716fe24441d18001716fe24441d18001716fe24441d18
2026-02-08 11:54:06.007,WIN-HELPDESK-12,a.kim,1,python3,"python3",explorer.exe,,,SHA256=001e3211c84b7e62001e3211c84b7e62001e3211c84b7e62001e3211c84b7e62
2026-02-08 12:02:13.578,WIN-HELPDESK-12,svc-build,1,node,"node",explorer.exe,,,SHA256=001aede642a5b416001aede642a5b416001aede642a5b416001aede642a5b416
2026-02-08 12:11:02.806,K8S-NODE-01,marina.ko,1,outlook.exe,"outlook.exe",launchd,,,SHA256=001004742ffd01a7001004742ffd01a7001004742ffd01a7001004742ffd01a7
2026-02-08 12:13:57.445,WIN-FS01,d.holt,1,chrome.exe,"chrome.exe",systemd,,,SHA256=000f5efcb2b3e1fe000f5efcb2b3e1fe000f5efcb2b3e1fe000f5efcb2b3e1fe
2026-02-08 12:25:16.733,WIN-FIN-WS17,marina.ko,1,git,"git",systemd,,,SHA256=0013c1f0178ee9330013c1f0178ee9330013c1f0178ee9330013c1f0178ee933
2026-02-08 12:31:07.447,WIN-FS01,svc.sync,1,node,"node",cmd.exe,,,SHA256=000ab33433cd5087000ab33433cd5087000ab33433cd5087000ab33433cd5087
2026-02-08 12:37:36.776,K8S-NODE-01,svc-build,1,slack.exe,"slack.exe",cmd.exe,,,SHA256=00029d0638a7f04400029d0638a7f04400029d0638a7f04400029d0638a7f044
2026-02-08 12:46:00.666,LINUX-WEB-02,svc.sync,1,node,"node",systemd,,,SHA256=00126f8ca4a2704800126f8ca4a2704800126f8ca4a2704800126f8ca4a27048
2026-02-08 12:56:38.005,WIN-FIN-WS17,svc-export,1,outlook.exe,"outlook.exe",launchd,,,SHA256=0021e7150883c3620021e7150883c3620021e7150883c3620021e7150883c362
2026-02-08 13:03:16.421,LINUX-JUMP-01,a.kim,1,node,"node",cmd.exe,,,SHA256=00078094594ce2d500078094594ce2d500078094594ce2d500078094594ce2d5
2026-02-08 13:12:39.417,WIN-FIN-WS17,svc.sync,1,git,"git",cmd.exe,,,SHA256=0009cb2abde806940009cb2abde806940009cb2abde806940009cb2abde80694
2026-02-08 13:15:24.786,WIN-HELPDESK-12,svc.export,1,node,"node",launchd,,,SHA256=000ea394c2b6941a000ea394c2b6941a000ea394c2b6941a000ea394c2b6941a
2026-02-08 13:19:37.059,WIN-FS01,a.kim,1,powershell.exe,"powershell.exe",launchd,,,SHA256=001bcb71bc5a80e4001bcb71bc5a80e4001bcb71bc5a80e4001bcb71bc5a80e4
2026-02-08 13:27:37.393,K8S-NODE-01,svc-export,1,chrome.exe,"chrome.exe",launchd,,,SHA256=00085819a4173efb00085819a4173efb00085819a4173efb00085819a4173efb
2026-02-08 13:35:06.605,WIN-FS01,svc.export,1,sshd,"sshd",cmd.exe,,,SHA256=001a734e467a4915001a734e467a4915001a734e467a4915001a734e467a4915
2026-02-08 13:42:43.768,WIN-FIN-WS17,d.holt,1,chrome.exe,"chrome.exe",explorer.exe,,,SHA256=00092cf92957592b00092cf92957592b00092cf92957592b00092cf92957592b
2026-02-08 13:53:55.199,LINUX-WEB-02,svc-export,1,sshd,"sshd",systemd,,,SHA256=0008a1fa229a0fa00008a1fa229a0fa00008a1fa229a0fa00008a1fa229a0fa0
2026-02-08 13:57:17.064,LINUX-WEB-02,svc-export,1,sshd,"sshd",explorer.exe,,,SHA256=000ce22e03bca24a000ce22e03bca24a000ce22e03bca24a000ce22e03bca24a
2026-02-08 14:06:57.979,LINUX-JUMP-01,a.kim,1,git,"git",cmd.exe,,,SHA256=00088b62d7ace1f600088b62d7ace1f600088b62d7ace1f600088b62d7ace1f6
2026-02-08 14:15:43.678,LINUX-WEB-02,svc.export,1,outlook.exe,"outlook.exe",systemd,,,SHA256=0011cc747909d2450011cc747909d2450011cc747909d2450011cc747909d245
2026-02-08 14:22:40.354,LINUX-JUMP-01,svc.sync,1,python3,"python3",explorer.exe,,,SHA256=0001b8426d6402f30001b8426d6402f30001b8426d6402f30001b8426d6402f3
2026-02-08 14:31:51.884,LINUX-JUMP-01,svc-build,1,slack.exe,"slack.exe",cmd.exe,,,SHA256=0004ef08405e22e80004ef08405e22e80004ef08405e22e80004ef08405e22e8
2026-02-08 14:35:22.700,K8S-NODE-01,a.kim,1,python3,"python3",cmd.exe,,,SHA256=0001b719a60db49f0001b719a60db49f0001b719a60db49f0001b719a60db49f
2026-02-08 14:44:45.202,LINUX-WEB-02,a.kim,1,python3,"python3",systemd,,,SHA256=000c59312219b0c7000c59312219b0c7000c59312219b0c7000c59312219b0c7
2026-02-08 14:50:29.788,LINUX-WEB-02,svc.export,1,outlook.exe,"outlook.exe",explorer.exe,,,SHA256=001ba24848a50f2c001ba24848a50f2c001ba24848a50f2c001ba24848a50f2c
2026-02-08 14:55:26.896,LINUX-WEB-02,svc-build,1,sshd,"sshd",explorer.exe,,,SHA256=001be3abaeefef4e001be3abaeefef4e001be3abaeefef4e001be3abaeefef4e
2026-02-08 14:58:42.868,K8S-NODE-01,a.kim,1,git,"git",launchd,,,SHA256=001a4da77abe412b001a4da77abe412b001a4da77abe412b001a4da77abe412b
2026-02-08 15:03:52.567,LINUX-JUMP-01,svc.export,1,python3,"python3",explorer.exe,,,SHA256=0001badefa51ac240001badefa51ac240001badefa51ac240001badefa51ac24
2026-02-08 15:10:37.967,K8S-NODE-01,svc-build,1,outlook.exe,"outlook.exe",cmd.exe,,,SHA256=00137282f4afd50e00137282f4afd50e00137282f4afd50e00137282f4afd50e
2026-02-08 15:21:28.482,K8S-NODE-01,svc.sync,1,git,"git",launchd,,,SHA256=0004ccf962405dc60004ccf962405dc60004ccf962405dc60004ccf962405dc6
2026-02-08 15:27:49.585,K8S-NODE-01,marina.ko,1,powershell.exe,"powershell.exe",explorer.exe,,,SHA256=000900a74b74d7e5000900a74b74d7e5000900a74b74d7e5000900a74b74d7e5
2026-02-08 15:35:03.866,WIN-FIN-WS17,a.kim,1,sshd,"sshd",cmd.exe,,,SHA256=00232c967e3db96400232c967e3db96400232c967e3db96400232c967e3db964
2026-02-08 15:45:24.581,WIN-FS01,svc.export,1,node,"node",cmd.exe,,,SHA256=002343b2a1cbfd52002343b2a1cbfd52002343b2a1cbfd52002343b2a1cbfd52
2026-02-08 15:51:46.023,WIN-FS01,svc.export,1,outlook.exe,"outlook.exe",explorer.exe,,,SHA256=000da3c393d7cbf4000da3c393d7cbf4000da3c393d7cbf4000da3c393d7cbf4
2026-02-08 16:02:46.688,WIN-FIN-WS17,svc.sync,1,chrome.exe,"chrome.exe",explorer.exe,,,SHA256=0009d4bc13721cd00009d4bc13721cd00009d4bc13721cd00009d4bc13721cd0
2026-02-08 16:07:37.794,WIN-FIN-WS17,svc-build,1,git,"git",launchd,,,SHA256=001533b26eb4129f001533b26eb4129f001533b26eb4129f001533b26eb4129f
2026-02-08 16:13:17.720,WIN-FS01,svc-build,1,powershell.exe,"powershell.exe",systemd,,,SHA256=0014028be1e4a4250014028be1e4a4250014028be1e4a4250014028be1e4a425
2026-02-08 16:17:57.453,WIN-FIN-WS17,svc-export,1,chrome.exe,"chrome.exe",explorer.exe,,,SHA256=0016ff5f0b954e4c0016ff5f0b954e4c0016ff5f0b954e4c0016ff5f0b954e4c
2026-02-08 16:23:17.124,LINUX-JUMP-01,svc-export,1,powershell.exe,"powershell.exe",launchd,,,SHA256=0021e1013256db240021e1013256db240021e1013256db240021e1013256db24
2026-02-08 16:26:11.787,LINUX-WEB-02,a.kim,1,git,"git",launchd,,,SHA256=0001c7aba6370e870001c7aba6370e870001c7aba6370e870001c7aba6370e87
2026-02-08 16:36:47.214,WIN-FS01,svc.sync,1,git,"git",launchd,,,SHA256=0004a4ec1a2f14a40004a4ec1a2f14a40004a4ec1a2f14a40004a4ec1a2f14a4
2026-02-08 16:40:33.734,LINUX-JUMP-01,d.holt,1,slack.exe,"slack.exe",launchd,,,SHA256=000beb51dfa22f97000beb51dfa22f97000beb51dfa22f97000beb51dfa22f97
2026-02-08 16:49:06.991,K8S-NODE-01,svc.export,1,git,"git",cmd.exe,,,SHA256=001fcb62bcab28c7001fcb62bcab28c7001fcb62bcab28c7001fcb62bcab28c7
2026-02-08 16:57:26.565,LINUX-JUMP-01,marina.ko,1,chrome.exe,"chrome.exe",explorer.exe,,,SHA256=001d043cac17c7dd001d043cac17c7dd001d043cac17c7dd001d043cac17c7dd
2026-02-08 17:08:23.119,WIN-FIN-WS17,a.kim,1,python3,"python3",cmd.exe,,,SHA256=002043a639b5d466002043a639b5d466002043a639b5d466002043a639b5d466
2026-02-08 17:11:57.225,LINUX-WEB-02,d.holt,1,slack.exe,"slack.exe",cmd.exe,,,SHA256=000c05cfdfef4071000c05cfdfef4071000c05cfdfef4071000c05cfdfef4071
2026-02-08 17:14:42.231,K8S-NODE-01,marina.ko,1,git,"git",explorer.exe,,,SHA256=0011f3f8de94d9d90011f3f8de94d9d90011f3f8de94d9d90011f3f8de94d9d9
2026-02-08 17:24:52.087,LINUX-WEB-02,svc.sync,1,sshd,"sshd",launchd,,,SHA256=00233237d2a494fa00233237d2a494fa00233237d2a494fa00233237d2a494fa
2026-02-08 17:30:54.368,LINUX-JUMP-01,svc.sync,1,git,"git",systemd,,,SHA256=00184096534dfef000184096534dfef000184096534dfef000184096534dfef0
2026-02-08 17:38:28.966,WIN-FS01,svc-export,1,node,"node",systemd,,,SHA256=0000d91fcdb9f6cb0000d91fcdb9f6cb0000d91fcdb9f6cb0000d91fcdb9f6cb
2026-02-08 17:45:12.984,WIN-FIN-WS17,svc-build,1,sshd,"sshd",explorer.exe,,,SHA256=001617d2d2b5442d001617d2d2b5442d001617d2d2b5442d001617d2d2b5442d
2026-02-08 17:52:49.910,WIN-HELPDESK-12,marina.ko,1,powershell.exe,"powershell.exe",launchd,,,SHA256=000fe595ce2c4f45000fe595ce2c4f45000fe595ce2c4f45000fe595ce2c4f45
2026-02-08 18:00:22.573,WIN-FIN-WS17,svc.export,1,python3,"python3",explorer.exe,,,SHA256=000ccc595802f140000ccc595802f140000ccc595802f140000ccc595802f140
2026-02-08 18:09:59.862,WIN-HELPDESK-12,marina.ko,1,node,"node",explorer.exe,,,SHA256=0001b561bca35d6b0001b561bca35d6b0001b561bca35d6b0001b561bca35d6b
2026-02-08 18:14:20.592,LINUX-WEB-02,marina.ko,1,powershell.exe,"powershell.exe",launchd,,,SHA256=001086fb2c3252c7001086fb2c3252c7001086fb2c3252c7001086fb2c3252c7
2026-02-08 18:19:06.952,WIN-HELPDESK-12,d.holt,1,git,"git",launchd,,,SHA256=001ccf7aa8486ac1001ccf7aa8486ac1001ccf7aa8486ac1001ccf7aa8486ac1
2026-02-08 18:28:45.987,WIN-HELPDESK-12,svc.export,1,outlook.exe,"outlook.exe",explorer.exe,,,SHA256=001d40b836e44545001d40b836e44545001d40b836e44545001d40b836e44545
2026-02-08 18:39:00.777,WIN-HELPDESK-12,a.kim,1,python3,"python3",explorer.exe,,,SHA256=0022c53e3fced36a0022c53e3fced36a0022c53e3fced36a0022c53e3fced36a
2026-02-08 18:45:02.261,LINUX-JUMP-01,a.kim,1,sshd,"sshd",cmd.exe,,,SHA256=002017641270e962002017641270e962002017641270e962002017641270e962
2026-02-08 18:53:15.664,WIN-FIN-WS17,svc.export,1,git,"git",systemd,,,SHA256=000844310f6ddd7e000844310f6ddd7e000844310f6ddd7e000844310f6ddd7e
2026-02-08 18:55:48.618,WIN-HELPDESK-12,marina.ko,1,chrome.exe,"chrome.exe",explorer.exe,,,SHA256=0003953ebfc01d620003953ebfc01d620003953ebfc01d620003953ebfc01d62
2026-02-08 19:04:46.533,K8S-NODE-01,svc.sync,1,sshd,"sshd",launchd,,,SHA256=0019f255b24b9bb20019f255b24b9bb20019f255b24b9bb20019f255b24b9bb2
2026-02-08 19:14:28.385,LINUX-WEB-02,svc.export,1,node,"node",explorer.exe,,,SHA256=0000fa6bc1b397ea0000fa6bc1b397ea0000fa6bc1b397ea0000fa6bc1b397ea
2026-02-08 19:23:55.605,LINUX-JUMP-01,svc-build,1,python3,"python3",explorer.exe,,,SHA256=0022f227de56d7260022f227de56d7260022f227de56d7260022f227de56d726
2026-02-08 19:35:09.501,WIN-HELPDESK-12,svc.sync,1,powershell.exe,"powershell.exe",launchd,,,SHA256=001e3376a653bff1001e3376a653bff1001e3376a653bff1001e3376a653bff1
2026-02-08 19:43:28.814,K8S-NODE-01,svc-export,1,chrome.exe,"chrome.exe",launchd,,,SHA256=001cdee7f8533c87001cdee7f8533c87001cdee7f8533c87001cdee7f8533c87
2026-02-08 19:48:27.515,LINUX-WEB-02,svc.sync,1,git,"git",systemd,,,SHA256=000178f79bf09e03000178f79bf09e03000178f79bf09e03000178f79bf09e03
2026-02-08 19:54:31.428,K8S-NODE-01,svc.export,1,chrome.exe,"chrome.exe",cmd.exe,,,SHA256=001e807b32684870001e807b32684870001e807b32684870001e807b32684870
2026-02-08 20:01:07.130,WIN-FS01,marina.ko,1,powershell.exe,"powershell.exe",explorer.exe,,,SHA256=000568426cd682bc000568426cd682bc000568426cd682bc000568426cd682bc
2026-02-08 20:03:52.980,WIN-FS01,svc-export,1,outlook.exe,"outlook.exe",launchd,,,SHA256=000de2d18e87aefc000de2d18e87aefc000de2d18e87aefc000de2d18e87aefc
2026-02-08 20:06:33.997,K8S-NODE-01,svc.export,1,outlook.exe,"outlook.exe",explorer.exe,,,SHA256=00106878e0063e8300106878e0063e8300106878e0063e8300106878e0063e83
2026-02-08 20:14:22.269,WIN-HELPDESK-12,svc-build,1,outlook.exe,"outlook.exe",launchd,,,SHA256=000df35709333aad000df35709333aad000df35709333aad000df35709333aad
2026-02-08 20:18:14.040,LINUX-JUMP-01,svc-export,1,sshd,"sshd",systemd,,,SHA256=001601473c460684001601473c460684001601473c460684001601473c460684
2026-02-08 20:24:33.782,LINUX-WEB-02,svc.sync,1,outlook.exe,"outlook.exe",cmd.exe,,,SHA256=0005a4b381c75e7c0005a4b381c75e7c0005a4b381c75e7c0005a4b381c75e7c
2026-02-08 20:33:13.257,LINUX-WEB-02,svc-build,1,sshd,"sshd",systemd,,,SHA256=001678a311a462f2001678a311a462f2001678a311a462f2001678a311a462f2
2026-02-08 20:42:37.541,K8S-NODE-01,a.kim,1,node,"node",launchd,,,SHA256=001fa8867b38f740001fa8867b38f740001fa8867b38f740001fa8867b38f740
2026-02-08 20:48:56.548,WIN-FIN-WS17,svc-export,1,sshd,"sshd",systemd,,,SHA256=001cf29f54c9c27c001cf29f54c9c27c001cf29f54c9c27c001cf29f54c9c27c
2026-02-08 21:00:04.986,WIN-HELPDESK-12,a.kim,1,slack.exe,"slack.exe",cmd.exe,,,SHA256=0000e01f5386f8420000e01f5386f8420000e01f5386f8420000e01f5386f842
2026-02-08 21:04:59.744,LINUX-JUMP-01,marina.ko,1,node,"node",systemd,,,SHA256=00138d6944a08f0f00138d6944a08f0f00138d6944a08f0f00138d6944a08f0f
2026-02-08 21:16:14.138,LINUX-JUMP-01,marina.ko,1,outlook.exe,"outlook.exe",cmd.exe,,,SHA256=00099cd0a238ff1f00099cd0a238ff1f00099cd0a238ff1f00099cd0a238ff1f
2026-02-08 21:26:34.652,LINUX-JUMP-01,d.holt,1,outlook.exe,"outlook.exe",cmd.exe,,,SHA256=0022feeccd51dfce0022feeccd51dfce0022feeccd51dfce0022feeccd51dfce
2026-02-08 21:29:17.907,LINUX-WEB-02,svc-build,1,git,"git",systemd,,,SHA256=00159e3f283b0adf00159e3f283b0adf00159e3f283b0adf00159e3f283b0adf
2026-02-08 21:39:22.534,WIN-HELPDESK-12,svc.export,1,outlook.exe,"outlook.exe",explorer.exe,,,SHA256=000025424bb4244c000025424bb4244c000025424bb4244c000025424bb4244c
2026-02-08 21:46:10.044,LINUX-WEB-02,svc-build,1,git,"git",systemd,,,SHA256=00195b654796d25600195b654796d25600195b654796d25600195b654796d256
2026-02-08 21:54:57.086,LINUX-JUMP-01,svc.export,1,slack.exe,"slack.exe",launchd,,,SHA256=0003bb12285965110003bb12285965110003bb12285965110003bb1228596511
2026-02-08 22:00:03.843,WIN-FS01,svc-export,1,node,"node",systemd,,,SHA256=0013a966c1c975b90013a966c1c975b90013a966c1c975b90013a966c1c975b9
2026-02-08 22:03:13.587,K8S-NODE-01,svc.export,1,outlook.exe,"outlook.exe",launchd,,,SHA256=0000e77d89a8f54e0000e77d89a8f54e0000e77d89a8f54e0000e77d89a8f54e
2026-02-08 22:12:09.347,LINUX-JUMP-01,svc-build,1,chrome.exe,"chrome.exe",systemd,,,SHA256=0004d4d521bb87820004d4d521bb87820004d4d521bb87820004d4d521bb8782
2026-02-08 22:22:46.528,K8S-NODE-01,marina.ko,1,chrome.exe,"chrome.exe",explorer.exe,,,SHA256=00085cb7b9dbb1db00085cb7b9dbb1db00085cb7b9dbb1db00085cb7b9dbb1db
2026-02-08 22:25:35.416,WIN-FS01,svc-build,1,sshd,"sshd",systemd,,,SHA256=001707f8134da888001707f8134da888001707f8134da888001707f8134da888
2026-02-08 22:33:13.654,WIN-FS01,a.kim,1,chrome.exe,"chrome.exe",systemd,,,SHA256=001730f9c66e2971001730f9c66e2971001730f9c66e2971001730f9c66e2971
2026-02-08 22:40:13.657,K8S-NODE-01,d.holt,1,outlook.exe,"outlook.exe",systemd,,,SHA256=001082d608543358001082d608543358001082d608543358001082d608543358
2026-02-08 22:45:09.964,LINUX-WEB-02,svc.sync,1,python3,"python3",cmd.exe,,,SHA256=0006d69202eb4a2b0006d69202eb4a2b0006d69202eb4a2b0006d69202eb4a2b
2026-02-08 22:54:41.825,LINUX-WEB-02,svc.export,1,slack.exe,"slack.exe",launchd,,,SHA256=001b1d5951a1b2d9001b1d5951a1b2d9001b1d5951a1b2d9001b1d5951a1b2d9
2026-02-08 22:57:30.855,WIN-HELPDESK-12,a.kim,1,python3,"python3",launchd,,,SHA256=000041fa36da7040000041fa36da7040000041fa36da7040000041fa36da7040
2026-02-08 23:05:14.940,LINUX-JUMP-01,svc-export,1,git,"git",launchd,,,SHA256=0019fa85274d201e0019fa85274d201e0019fa85274d201e0019fa85274d201e
2026-02-08 23:09:29.216,LINUX-WEB-02,d.holt,1,slack.exe,"slack.exe",explorer.exe,,,SHA256=0012db3e9d7ff1fc0012db3e9d7ff1fc0012db3e9d7ff1fc0012db3e9d7ff1fc
2026-02-08 23:14:12.997,WIN-FS01,svc-export,1,outlook.exe,"outlook.exe",launchd,,,SHA256=00153d674df7238d00153d674df7238d00153d674df7238d00153d674df7238d
2026-02-08 23:18:46.897,LINUX-WEB-02,svc.export,1,outlook.exe,"outlook.exe",cmd.exe,,,SHA256=001836c855a184ff001836c855a184ff001836c855a184ff001836c855a184ff
2026-02-08 23:25:44.742,WIN-FIN-WS17,svc.export,1,git,"git",launchd,,,SHA256=0022a1c68a23d5300022a1c68a23d5300022a1c68a23d5300022a1c68a23d530
2026-02-08 23:30:46.614,WIN-HELPDESK-12,svc-build,1,git,"git",explorer.exe,,,SHA256=001dc2b96d2918b9001dc2b96d2918b9001dc2b96d2918b9001dc2b96d2918b9
2026-02-08 23:38:47.651,K8S-NODE-01,svc.sync,1,node,"node",launchd,,,SHA256=0008969a5b7bb8580008969a5b7bb8580008969a5b7bb8580008969a5b7bb858
2026-02-08 23:48:05.960,LINUX-JUMP-01,svc-export,1,node,"node",systemd,,,SHA256=000fab5a83260223000fab5a83260223000fab5a83260223000fab5a83260223
2026-02-08 23:57:14.837,K8S-NODE-01,svc-build,1,outlook.exe,"outlook.exe",cmd.exe,,,SHA256=0022189b037fee7a0022189b037fee7a0022189b037fee7a0022189b037fee7a
2026-02-09 00:07:00.838,LINUX-WEB-02,d.holt,1,python3,"python3",launchd,,,SHA256=000c1ed4e1ef94c1000c1ed4e1ef94c1000c1ed4e1ef94c1000c1ed4e1ef94c1
2026-02-09 00:10:20.267,K8S-NODE-01,svc.sync,1,chrome.exe,"chrome.exe",cmd.exe,,,SHA256=001372ddc009dd44001372ddc009dd44001372ddc009dd44001372ddc009dd44
2026-02-09 00:18:41.235,LINUX-WEB-02,marina.ko,1,slack.exe,"slack.exe",explorer.exe,,,SHA256=00086f3fd40884d600086f3fd40884d600086f3fd40884d600086f3fd40884d6
2026-02-09 00:23:24.269,LINUX-WEB-02,d.holt,1,chrome.exe,"chrome.exe",systemd,,,SHA256=0019070d7f59c4010019070d7f59c4010019070d7f59c4010019070d7f59c401
2026-02-09 00:34:27.904,K8S-NODE-01,svc-export,1,outlook.exe,"outlook.exe",launchd,,,SHA256=001d77c2dda5aee8001d77c2dda5aee8001d77c2dda5aee8001d77c2dda5aee8
2026-02-09 00:44:21.957,LINUX-JUMP-01,svc-build,1,slack.exe,"slack.exe",cmd.exe,,,SHA256=000b3a4260a1fc2e000b3a4260a1fc2e000b3a4260a1fc2e000b3a4260a1fc2e
2026-02-09 00:53:54.117,LINUX-JUMP-01,svc.sync,1,slack.exe,"slack.exe",systemd,,,SHA256=0013005a659720760013005a659720760013005a659720760013005a65972076
2026-02-09 00:58:07.804,WIN-HELPDESK-12,marina.ko,1,git,"git",launchd,,,SHA256=001d41d2e02ce15c001d41d2e02ce15c001d41d2e02ce15c001d41d2e02ce15c
2026-02-09 01:08:22.313,K8S-NODE-01,d.holt,1,slack.exe,"slack.exe",launchd,,,SHA256=001f64436e5a7df7001f64436e5a7df7001f64436e5a7df7001f64436e5a7df7
2026-02-09 01:11:30.246,WIN-FIN-WS17,svc.export,1,node,"node",systemd,,,SHA256=000a7d0507369c46000a7d0507369c46000a7d0507369c46000a7d0507369c46
2026-02-09 01:14:41.055,WIN-HELPDESK-12,svc-export,1,sshd,"sshd",cmd.exe,,,SHA256=0021b49cc46c22140021b49cc46c22140021b49cc46c22140021b49cc46c2214
2026-02-09 01:18:00.791,LINUX-WEB-02,svc.sync,1,powershell.exe,"powershell.exe",explorer.exe,,,SHA256=001837b787b44d35001837b787b44d35001837b787b44d35001837b787b44d35
2026-02-09 01:25:13.357,WIN-FIN-WS17,svc-export,1,python3,"python3",cmd.exe,,,SHA256=000f0177a9439229000f0177a9439229000f0177a9439229000f0177a9439229
2026-02-09 01:34:22.763,LINUX-WEB-02,svc-build,1,git,"git",systemd,,,SHA256=00232a9894fe519200232a9894fe519200232a9894fe519200232a9894fe5192
2026-02-09 01:41:43.062,LINUX-WEB-02,svc-build,1,outlook.exe,"outlook.exe",launchd,,,SHA256=0006fdf315f923f80006fdf315f923f80006fdf315f923f80006fdf315f923f8
2026-02-09 01:46:15.423,WIN-HELPDESK-12,svc-build,1,python3,"python3",systemd,,,SHA256=000cd18929b6a0cb000cd18929b6a0cb000cd18929b6a0cb000cd18929b6a0cb
2026-02-09 01:52:51.575,K8S-NODE-01,a.kim,1,chrome.exe,"chrome.exe",cmd.exe,,,SHA256=0013e22419cdf0ae0013e22419cdf0ae0013e22419cdf0ae0013e22419cdf0ae
2026-02-09 01:57:09.826,LINUX-WEB-02,svc.export,1,slack.exe,"slack.exe",launchd,,,SHA256=000a1f62bfd17c6a000a1f62bfd17c6a000a1f62bfd17c6a000a1f62bfd17c6a
2026-02-09 02:00:32.876,K8S-NODE-01,a.kim,1,git,"git",systemd,,,SHA256=000ce421c402711a000ce421c402711a000ce421c402711a000ce421c402711a
2026-02-09 02:06:23.412,LINUX-WEB-02,svc-export,1,outlook.exe,"outlook.exe",explorer.exe,,,SHA256=000f9ace4a5bef71000f9ace4a5bef71000f9ace4a5bef71000f9ace4a5bef71
2026-02-09 02:10:40.373,LINUX-WEB-02,d.holt,1,sshd,"sshd",cmd.exe,,,SHA256=001b8347a4585f2a001b8347a4585f2a001b8347a4585f2a001b8347a4585f2a
2026-02-09 02:17:00.948,WIN-HELPDESK-12,svc-export,1,slack.exe,"slack.exe",explorer.exe,,,SHA256=001f4ea3b81dd8fb001f4ea3b81dd8fb001f4ea3b81dd8fb001f4ea3b81dd8fb
2026-02-09 02:21:54.777,WIN-HELPDESK-12,svc-build,1,outlook.exe,"outlook.exe",explorer.exe,,,SHA256=0010cc651dbbb8a80010cc651dbbb8a80010cc651dbbb8a80010cc651dbbb8a8
2026-02-09 02:32:00.062,K8S-NODE-01,svc.export,1,git,"git",launchd,,,SHA256=0014ba3dd7ce7e0f0014ba3dd7ce7e0f0014ba3dd7ce7e0f0014ba3dd7ce7e0f
2026-02-09 02:40:07.793,WIN-FIN-WS17,svc-build,1,chrome.exe,"chrome.exe",cmd.exe,,,SHA256=000df6a7eaddff35000df6a7eaddff35000df6a7eaddff35000df6a7eaddff35
2026-02-09 02:46:40.237,WIN-FIN-WS17,marina.ko,1,chrome.exe,"chrome.exe",systemd,,,SHA256=00134cf6ee14dec500134cf6ee14dec500134cf6ee14dec500134cf6ee14dec5
2026-02-09 02:54:32.067,WIN-FIN-WS17,marina.ko,1,node,"node",cmd.exe,,,SHA256=000da0b5195b1185000da0b5195b1185000da0b5195b1185000da0b5195b1185
2026-02-09 03:04:44.754,LINUX-WEB-02,a.kim,1,node,"node",systemd,,,SHA256=0021d5c09e2a4a9e0021d5c09e2a4a9e0021d5c09e2a4a9e0021d5c09e2a4a9e
2026-02-09 03:07:53.442,WIN-FIN-WS17,marina.ko,1,python3,"python3",launchd,,,SHA256=000da789748d39da000da789748d39da000da789748d39da000da789748d39da
2026-02-09 03:11:25.709,K8S-NODE-01,svc.export,1,sshd,"sshd",explorer.exe,,,SHA256=0005ae923d77f01f0005ae923d77f01f0005ae923d77f01f0005ae923d77f01f
2026-02-09 03:22:37.198,WIN-FIN-WS17,svc-build,1,outlook.exe,"outlook.exe",cmd.exe,,,SHA256=0022f56b19944dc60022f56b19944dc60022f56b19944dc60022f56b19944dc6
2026-02-09 03:26:52.837,LINUX-JUMP-01,a.kim,1,sshd,"sshd",cmd.exe,,,SHA256=000eb84df73563ae000eb84df73563ae000eb84df73563ae000eb84df73563ae
2026-02-09 03:31:45.582,WIN-FIN-WS17,svc-export,1,python3,"python3",explorer.exe,,,SHA256=001096d76985fb1b001096d76985fb1b001096d76985fb1b001096d76985fb1b
2026-02-09 03:35:47.511,WIN-FIN-WS17,marina.ko,1,python3,"python3",explorer.exe,,,SHA256=0015efccd72559b00015efccd72559b00015efccd72559b00015efccd72559b0
2026-02-09 03:44:19.563,WIN-FIN-WS17,d.holt,1,node,"node",cmd.exe,,,SHA256=00192d49b6fc9e3400192d49b6fc9e3400192d49b6fc9e3400192d49b6fc9e34
2026-02-09 03:48:33.922,WIN-HELPDESK-12,a.kim,1,outlook.exe,"outlook.exe",launchd,,,SHA256=00147829a3aa0fe200147829a3aa0fe200147829a3aa0fe200147829a3aa0fe2
2026-02-09 03:51:43.364,K8S-NODE-01,d.holt,1,outlook.exe,"outlook.exe",explorer.exe,,,SHA256=0012cd40d0883d6a0012cd40d0883d6a0012cd40d0883d6a0012cd40d0883d6a
2026-02-09 04:00:00.036,WIN-FS01,svc-build,1,chrome.exe,"chrome.exe",launchd,,,SHA256=00113b4b257221f600113b4b257221f600113b4b257221f600113b4b257221f6
2026-02-09 04:05:25.940,WIN-HELPDESK-12,svc-build,1,node,"node",cmd.exe,,,SHA256=000cef43ca6285ce000cef43ca6285ce000cef43ca6285ce000cef43ca6285ce
2026-02-09 04:08:11.586,K8S-NODE-01,d.holt,1,git,"git",cmd.exe,,,SHA256=0016354e41c3c5700016354e41c3c5700016354e41c3c5700016354e41c3c570
2026-02-09 04:11:19.230,LINUX-WEB-02,svc-build,1,node,"node",launchd,,,SHA256=000cd99cb00ce52e000cd99cb00ce52e000cd99cb00ce52e000cd99cb00ce52e
2026-02-09 04:18:42.960,WIN-HELPDESK-12,a.kim,1,powershell.exe,"powershell.exe",systemd,,,SHA256=0012377e49d6a8c10012377e49d6a8c10012377e49d6a8c10012377e49d6a8c1
2026-02-09 04:26:28.589,WIN-HELPDESK-12,d.holt,1,chrome.exe,"chrome.exe",systemd,,,SHA256=00097edbbc0a1d4700097edbbc0a1d4700097edbbc0a1d4700097edbbc0a1d47
2026-02-09 04:31:59.479,WIN-FIN-WS17,svc.export,1,sshd,"sshd",explorer.exe,,,SHA256=0022ed103ca0f1a40022ed103ca0f1a40022ed103ca0f1a40022ed103ca0f1a4
2026-02-09 04:42:36.468,K8S-NODE-01,a.kim,1,slack.exe,"slack.exe",launchd,,,SHA256=0018f06c620bec460018f06c620bec460018f06c620bec460018f06c620bec46
2026-02-09 04:53:06.178,WIN-HELPDESK-12,svc-build,1,powershell.exe,"powershell.exe",cmd.exe,,,SHA256=00217a35176016b600217a35176016b600217a35176016b600217a35176016b6
2026-02-09 05:01:36.016,WIN-HELPDESK-12,svc.sync,1,sshd,"sshd",launchd,,,SHA256=0018c385e518a6830018c385e518a6830018c385e518a6830018c385e518a683
2026-02-09 05:05:08.840,WIN-FS01,svc-export,1,git,"git",systemd,,,SHA256=001b7ac4a82a905b001b7ac4a82a905b001b7ac4a82a905b001b7ac4a82a905b
2026-02-09 05:11:56.917,WIN-FIN-WS17,a.kim,1,slack.exe,"slack.exe",launchd,,,SHA256=001509bfebaadd7f001509bfebaadd7f001509bfebaadd7f001509bfebaadd7f
2026-02-09 05:14:33.642,LINUX-JUMP-01,a.kim,1,node,"node",cmd.exe,,,SHA256=001660c477af9ccf001660c477af9ccf001660c477af9ccf001660c477af9ccf
2026-02-09 05:23:21.377,WIN-FIN-WS17,svc.sync,1,powershell.exe,"powershell.exe",systemd,,,SHA256=00175c51d46a701c00175c51d46a701c00175c51d46a701c00175c51d46a701c
2026-02-09 05:34:42.414,LINUX-JUMP-01,marina.ko,1,node,"node",launchd,,,SHA256=000391d6d6cc938a000391d6d6cc938a000391d6d6cc938a000391d6d6cc938a
2026-02-09 05:45:53.835,WIN-HELPDESK-12,marina.ko,1,slack.exe,"slack.exe",explorer.exe,,,SHA256=0001bc02469ca01e0001bc02469ca01e0001bc02469ca01e0001bc02469ca01e
2026-02-09 05:50:21.115,WIN-FS01,svc.export,1,python3,"python3",cmd.exe,,,SHA256=0022e19e89ca83d80022e19e89ca83d80022e19e89ca83d80022e19e89ca83d8
2026-02-09 06:00:43.555,WIN-FIN-WS17,svc.export,1,chrome.exe,"chrome.exe",cmd.exe,,,SHA256=0021e989155908e20021e989155908e20021e989155908e20021e989155908e2
2026-02-09 06:09:29.785,LINUX-JUMP-01,svc-build,1,python3,"python3",cmd.exe,,,SHA256=000500ab9ab81ab6000500ab9ab81ab6000500ab9ab81ab6000500ab9ab81ab6
2026-02-09 06:17:24.926,K8S-NODE-01,svc-build,1,git,"git",explorer.exe,,,SHA256=00019c1a1e2a935b00019c1a1e2a935b00019c1a1e2a935b00019c1a1e2a935b
2026-02-09 06:26:22.825,LINUX-WEB-02,svc.export,1,outlook.exe,"outlook.exe",cmd.exe,,,SHA256=0018f6165e2d0bf20018f6165e2d0bf20018f6165e2d0bf20018f6165e2d0bf2
2026-02-09 06:32:35.882,WIN-FS01,svc-export,1,chrome.exe,"chrome.exe",systemd,,,SHA256=0014bfd8ab26c3540014bfd8ab26c3540014bfd8ab26c3540014bfd8ab26c354
2026-02-09 06:35:19.106,LINUX-JUMP-01,svc.export,1,node,"node",explorer.exe,,,SHA256=0001b55fc2ee7a7c0001b55fc2ee7a7c0001b55fc2ee7a7c0001b55fc2ee7a7c
2026-02-09 06:40:40.512,K8S-NODE-01,a.kim,1,python3,"python3",systemd,,,SHA256=001ca9d16fa7f9e2001ca9d16fa7f9e2001ca9d16fa7f9e2001ca9d16fa7f9e2
2026-02-09 06:51:22.025,WIN-FS01,svc-build,1,outlook.exe,"outlook.exe",launchd,,,SHA256=000ca04e9b731c11000ca04e9b731c11000ca04e9b731c11000ca04e9b731c11
2026-02-09 06:56:57.522,WIN-FIN-WS17,marina.ko,1,outlook.exe,"outlook.exe",cmd.exe,,,SHA256=000f66475d9d8929000f66475d9d8929000f66475d9d8929000f66475d9d8929
2026-02-09 07:07:40.239,LINUX-WEB-02,a.kim,1,powershell.exe,"powershell.exe",launchd,,,SHA256=0017c9da319f140a0017c9da319f140a0017c9da319f140a0017c9da319f140a
2026-02-09 07:11:41.872,K8S-NODE-01,svc.sync,1,python3,"python3",systemd,,,SHA256=000ed668edd1b552000ed668edd1b552000ed668edd1b552000ed668edd1b552
2026-02-09 07:22:40.462,K8S-NODE-01,d.holt,1,git,"git",systemd,,,SHA256=001a1e2c0f86c17f001a1e2c0f86c17f001a1e2c0f86c17f001a1e2c0f86c17f
2026-02-09 07:26:02.506,WIN-FIN-WS17,svc-export,1,python3,"python3",systemd,,,SHA256=000a7db6ba52fecb000a7db6ba52fecb000a7db6ba52fecb000a7db6ba52fecb
2026-02-09 07:37:14.300,LINUX-WEB-02,marina.ko,1,slack.exe,"slack.exe",systemd,,,SHA256=0002aefcff88fca10002aefcff88fca10002aefcff88fca10002aefcff88fca1
2026-02-09 07:45:04.732,WIN-FS01,svc.sync,1,python3,"python3",explorer.exe,,,SHA256=001a55f8356151c0001a55f8356151c0001a55f8356151c0001a55f8356151c0
2026-02-09 07:53:01.751,WIN-HELPDESK-12,svc-export,1,git,"git",cmd.exe,,,SHA256=0001ec085c197f580001ec085c197f580001ec085c197f580001ec085c197f58
2026-02-09 08:03:41.432,WIN-HELPDESK-12,a.kim,1,git,"git",cmd.exe,,,SHA256=0006de5997dcf6d80006de5997dcf6d80006de5997dcf6d80006de5997dcf6d8
2026-02-09 08:08:24.612,K8S-NODE-01,svc.export,1,powershell.exe,"powershell.exe",explorer.exe,,,SHA256=002001e66774751c002001e66774751c002001e66774751c002001e66774751c
2026-02-09 08:15:02.911,WIN-FS01,d.holt,1,outlook.exe,"outlook.exe",systemd,,,SHA256=001730aa17bf6133001730aa17bf6133001730aa17bf6133001730aa17bf6133
2026-02-09 08:22:23.654,WIN-FS01,svc-build,1,git,"git",systemd,,,SHA256=0021638f8bb36e0e0021638f8bb36e0e0021638f8bb36e0e0021638f8bb36e0e
2026-02-09 08:25:10.809,WIN-FS01,svc.export,1,git,"git",systemd,,,SHA256=0000c1717c7035a20000c1717c7035a20000c1717c7035a20000c1717c7035a2
2026-02-09 08:31:04.065,WIN-FIN-WS17,svc.sync,1,powershell.exe,"powershell.exe",cmd.exe,,,SHA256=0011c1cad0e731610011c1cad0e731610011c1cad0e731610011c1cad0e73161
2026-02-09 08:42:07.129,WIN-FIN-WS17,a.kim,1,node,"node",systemd,,,SHA256=0014ba8f75ed27270014ba8f75ed27270014ba8f75ed27270014ba8f75ed2727
2026-02-09 08:51:14.270,WIN-HELPDESK-12,svc-export,1,sshd,"sshd",explorer.exe,,,SHA256=0008bb36c5fd2ae60008bb36c5fd2ae60008bb36c5fd2ae60008bb36c5fd2ae6
2026-02-09 09:00:45.071,LINUX-WEB-02,svc-build,1,chrome.exe,"chrome.exe",explorer.exe,,,SHA256=00118c2a372c84af00118c2a372c84af00118c2a372c84af00118c2a372c84af
2026-02-09 09:11:53.879,LINUX-WEB-02,svc-export,1,slack.exe,"slack.exe",systemd,,,SHA256=0020677220f86ff20020677220f86ff20020677220f86ff20020677220f86ff2
2026-02-09 09:16:33.964,WIN-FS01,svc-build,1,git,"git",explorer.exe,,,SHA256=000d74fcd013940d000d74fcd013940d000d74fcd013940d000d74fcd013940d
2026-02-09 09:22:27.124,LINUX-WEB-02,marina.ko,1,node,"node",cmd.exe,,,SHA256=0017f53b29ab97780017f53b29ab97780017f53b29ab97780017f53b29ab9778
2026-02-09 09:28:06.236,K8S-NODE-01,svc.export,1,python3,"python3",systemd,,,SHA256=000e98d77d511638000e98d77d511638000e98d77d511638000e98d77d511638
2026-02-09 09:33:28.776,WIN-FIN-WS17,a.kim,1,chrome.exe,"chrome.exe",systemd,,,SHA256=0016d65bba9ee1620016d65bba9ee1620016d65bba9ee1620016d65bba9ee162
2026-02-09 09:35:59.968,WIN-HELPDESK-12,svc.sync,1,python3,"python3",launchd,,,SHA256=00109eeae74190c700109eeae74190c700109eeae74190c700109eeae74190c7
2026-02-09 09:47:10.167,K8S-NODE-01,d.holt,1,python3,"python3",launchd,,,SHA256=00078c7d96e1693000078c7d96e1693000078c7d96e1693000078c7d96e16930
2026-02-09 09:54:06.222,WIN-HELPDESK-12,svc-export,1,slack.exe,"slack.exe",explorer.exe,,,SHA256=0008440ce8e338ab0008440ce8e338ab0008440ce8e338ab0008440ce8e338ab
2026-02-09 10:01:23.553,WIN-FIN-WS17,svc.export,1,outlook.exe,"outlook.exe",explorer.exe,,,SHA256=000905d726985fd6000905d726985fd6000905d726985fd6000905d726985fd6
2026-02-09 10:10:15.938,LINUX-JUMP-01,svc.export,1,python3,"python3",launchd,,,SHA256=000c4aabd2d39a2e000c4aabd2d39a2e000c4aabd2d39a2e000c4aabd2d39a2e
2026-02-09 10:19:43.682,WIN-FIN-WS17,a.kim,1,powershell.exe,"powershell.exe",launchd,,,SHA256=000d7c0f4fef88d1000d7c0f4fef88d1000d7c0f4fef88d1000d7c0f4fef88d1
2026-02-09 10:30:56.830,WIN-HELPDESK-12,d.holt,1,node,"node",launchd,,,SHA256=002271258b7c5a2c002271258b7c5a2c002271258b7c5a2c002271258b7c5a2c
2026-02-09 10:40:36.071,LINUX-WEB-02,svc-build,1,git,"git",cmd.exe,,,SHA256=001b502e3816768a001b502e3816768a001b502e3816768a001b502e3816768a
2026-02-09 10:49:56.349,WIN-HELPDESK-12,svc-export,1,python3,"python3",launchd,,,SHA256=000d22a3280aac8e000d22a3280aac8e000d22a3280aac8e000d22a3280aac8e
2026-02-09 10:58:02.096,LINUX-JUMP-01,marina.ko,1,sshd,"sshd",cmd.exe,,,SHA256=000a3c2f089341ee000a3c2f089341ee000a3c2f089341ee000a3c2f089341ee
2026-02-09 11:08:02.371,WIN-HELPDESK-12,svc-export,1,powershell.exe,"powershell.exe",cmd.exe,,,SHA256=000d941ff4c15c0d000d941ff4c15c0d000d941ff4c15c0d000d941ff4c15c0d
2026-02-09 11:11:21.643,K8S-NODE-01,svc.sync,1,python3,"python3",systemd,,,SHA256=001f918f4cb5b94d001f918f4cb5b94d001f918f4cb5b94d001f918f4cb5b94d
2026-02-09 11:17:38.936,WIN-FS01,svc-export,1,chrome.exe,"chrome.exe",launchd,,,SHA256=001eb352954c7f27001eb352954c7f27001eb352954c7f27001eb352954c7f27
2026-02-09 11:28:34.695,WIN-HELPDESK-12,svc-export,1,node,"node",cmd.exe,,,SHA256=00125b70ddca427100125b70ddca427100125b70ddca427100125b70ddca4271
2026-02-09 11:35:49.954,WIN-FS01,svc-export,1,slack.exe,"slack.exe",cmd.exe,,,SHA256=0011a210c911365b0011a210c911365b0011a210c911365b0011a210c911365b
2026-02-09 11:39:53.828,LINUX-JUMP-01,marina.ko,1,node,"node",explorer.exe,,,SHA256=0000c758b606ec010000c758b606ec010000c758b606ec010000c758b606ec01
2026-02-09 11:47:29.437,K8S-NODE-01,svc.export,1,powershell.exe,"powershell.exe",explorer.exe,,,SHA256=0013489fd08f0fac0013489fd08f0fac0013489fd08f0fac0013489fd08f0fac
2026-02-09 11:51:20.253,K8S-NODE-01,svc-build,1,python3,"python3",explorer.exe,,,SHA256=001c44ea3a2c6a17001c44ea3a2c6a17001c44ea3a2c6a17001c44ea3a2c6a17
2026-02-09 12:00:52.434,K8S-NODE-01,svc.export,1,node,"node",systemd,,,SHA256=000f338c8ed0eb53000f338c8ed0eb53000f338c8ed0eb53000f338c8ed0eb53
2026-02-09 12:11:06.634,WIN-FIN-WS17,svc.export,1,python3,"python3",cmd.exe,,,SHA256=00047f243e62fa1e00047f243e62fa1e00047f243e62fa1e00047f243e62fa1e
2026-02-09 12:15:46.486,LINUX-JUMP-01,d.holt,1,outlook.exe,"outlook.exe",cmd.exe,,,SHA256=0008880277757dc50008880277757dc50008880277757dc50008880277757dc5
2026-02-09 12:21:50.556,LINUX-WEB-02,svc-export,1,chrome.exe,"chrome.exe",launchd,,,SHA256=0011f1e7949469f00011f1e7949469f00011f1e7949469f00011f1e7949469f0
2026-02-09 12:27:19.008,WIN-FS01,svc-build,1,sshd,"sshd",explorer.exe,,,SHA256=00128da80beecae700128da80beecae700128da80beecae700128da80beecae7
2026-02-09 12:35:33.128,K8S-NODE-01,marina.ko,1,outlook.exe,"outlook.exe",explorer.exe,,,SHA256=000cebe42a83be2e000cebe42a83be2e000cebe42a83be2e000cebe42a83be2e
2026-02-09 12:38:21.674,WIN-FIN-WS17,svc.sync,1,outlook.exe,"outlook.exe",systemd,,,SHA256=0021fb2f13d3368e0021fb2f13d3368e0021fb2f13d3368e0021fb2f13d3368e
2026-02-09 12:45:37.845,LINUX-JUMP-01,svc.sync,1,git,"git",systemd,,,SHA256=00230039995633e200230039995633e200230039995633e200230039995633e2
2026-02-09 12:52:08.475,LINUX-JUMP-01,svc-export,1,git,"git",cmd.exe,,,SHA256=001c9b75c7cc063c001c9b75c7cc063c001c9b75c7cc063c001c9b75c7cc063c
2026-02-09 12:59:55.449,WIN-HELPDESK-12,svc.sync,1,slack.exe,"slack.exe",launchd,,,SHA256=00141038b3f1995100141038b3f1995100141038b3f1995100141038b3f19951
2026-02-09 13:04:49.754,LINUX-JUMP-01,d.holt,1,outlook.exe,"outlook.exe",launchd,,,SHA256=0007a709039970180007a709039970180007a709039970180007a70903997018
2026-02-09 13:11:21.155,WIN-FS01,d.holt,1,powershell.exe,"powershell.exe",launchd,,,SHA256=00176e93d03a3a2400176e93d03a3a2400176e93d03a3a2400176e93d03a3a24
2026-02-09 13:16:20.150,WIN-FS01,svc-build,1,outlook.exe,"outlook.exe",cmd.exe,,,SHA256=001a88a1bfd3932d001a88a1bfd3932d001a88a1bfd3932d001a88a1bfd3932d
2026-02-09 13:24:21.231,WIN-HELPDESK-12,svc-build,1,python3,"python3",systemd,,,SHA256=001223ae4f78dab8001223ae4f78dab8001223ae4f78dab8001223ae4f78dab8
2026-02-09 13:35:44.007,WIN-FIN-WS17,svc.export,1,chrome.exe,"chrome.exe",systemd,,,SHA256=001a101d60bcf4e5001a101d60bcf4e5001a101d60bcf4e5001a101d60bcf4e5
2026-02-09 13:44:46.562,K8S-NODE-01,marina.ko,1,git,"git",cmd.exe,,,SHA256=00227c089acf7ec400227c089acf7ec400227c089acf7ec400227c089acf7ec4
2026-02-09 13:47:17.427,K8S-NODE-01,svc-export,1,python3,"python3",launchd,,,SHA256=000bfd2b4ebe5fc7000bfd2b4ebe5fc7000bfd2b4ebe5fc7000bfd2b4ebe5fc7
2026-02-09 13:58:41.424,K8S-NODE-01,svc-export,1,outlook.exe,"outlook.exe",systemd,,,SHA256=0000d5a0ee6bf72c0000d5a0ee6bf72c0000d5a0ee6bf72c0000d5a0ee6bf72c
2026-02-09 14:08:11.766,WIN-FS01,marina.ko,1,outlook.exe,"outlook.exe",systemd,,,SHA256=000e554b60b53f6f000e554b60b53f6f000e554b60b53f6f000e554b60b53f6f
2026-02-09 14:15:56.344,WIN-FS01,marina.ko,1,python3,"python3",systemd,,,SHA256=00048ada80bd732300048ada80bd732300048ada80bd732300048ada80bd7323
2026-02-09 14:25:39.013,K8S-NODE-01,marina.ko,1,python3,"python3",cmd.exe,,,SHA256=0010ec586702d5cd0010ec586702d5cd0010ec586702d5cd0010ec586702d5cd
2026-02-09 14:30:04.537,WIN-HELPDESK-12,svc.sync,1,slack.exe,"slack.exe",launchd,,,SHA256=001ef4b6aa739087001ef4b6aa739087001ef4b6aa739087001ef4b6aa739087
2026-02-09 14:36:05.095,K8S-NODE-01,d.holt,1,chrome.exe,"chrome.exe",launchd,,,SHA256=0014e1a45279e5a00014e1a45279e5a00014e1a45279e5a00014e1a45279e5a0
2026-02-09 14:39:42.037,WIN-FS01,marina.ko,1,outlook.exe,"outlook.exe",explorer.exe,,,SHA256=0017bb4223afa7770017bb4223afa7770017bb4223afa7770017bb4223afa777
2026-02-09 14:47:52.802,WIN-FIN-WS17,svc-build,1,chrome.exe,"chrome.exe",systemd,,,SHA256=0017e8fd40edae330017e8fd40edae330017e8fd40edae330017e8fd40edae33
2026-02-09 14:52:02.267,WIN-FS01,a.kim,1,slack.exe,"slack.exe",cmd.exe,,,SHA256=001135797e624d37001135797e624d37001135797e624d37001135797e624d37
2026-02-09 14:56:01.622,WIN-HELPDESK-12,marina.ko,1,chrome.exe,"chrome.exe",launchd,,,SHA256=0019d73542de54580019d73542de54580019d73542de54580019d73542de5458
2026-02-09 15:06:56.406,WIN-HELPDESK-12,a.kim,1,sshd,"sshd",launchd,,,SHA256=001d6dbfc23d4a47001d6dbfc23d4a47001d6dbfc23d4a47001d6dbfc23d4a47
2026-02-09 15:16:47.421,WIN-FS01,svc-build,1,powershell.exe,"powershell.exe",cmd.exe,,,SHA256=000228c71aea14a4000228c71aea14a4000228c71aea14a4000228c71aea14a4
2026-02-09 15:25:21.556,WIN-HELPDESK-12,svc.sync,1,sshd,"sshd",systemd,,,SHA256=001137d816637fc0001137d816637fc0001137d816637fc0001137d816637fc0
2026-02-09 15:30:30.532,LINUX-JUMP-01,svc-export,1,powershell.exe,"powershell.exe",launchd,,,SHA256=0009449d7220daec0009449d7220daec0009449d7220daec0009449d7220daec
2026-02-09 15:41:39.319,K8S-NODE-01,d.holt,1,powershell.exe,"powershell.exe",systemd,,,SHA256=001a0453d22b77f0001a0453d22b77f0001a0453d22b77f0001a0453d22b77f0
2026-02-09 15:48:16.417,LINUX-JUMP-01,marina.ko,1,outlook.exe,"outlook.exe",cmd.exe,,,SHA256=0019af979c381aff0019af979c381aff0019af979c381aff0019af979c381aff
2026-02-09 15:51:58.033,WIN-FS01,svc-build,1,python3,"python3",launchd,,,SHA256=0000fb249ee69e370000fb249ee69e370000fb249ee69e370000fb249ee69e37
2026-02-09 16:02:18.716,WIN-FS01,svc-build,1,chrome.exe,"chrome.exe",explorer.exe,,,SHA256=001e74d08c6606a4001e74d08c6606a4001e74d08c6606a4001e74d08c6606a4
2026-02-09 16:11:12.525,WIN-FS01,svc.sync,1,outlook.exe,"outlook.exe",cmd.exe,,,SHA256=000dc2d6a7b35a24000dc2d6a7b35a24000dc2d6a7b35a24000dc2d6a7b35a24
2026-02-09 16:19:30.112,WIN-FIN-WS17,a.kim,1,python3,"python3",systemd,,,SHA256=000bc8a12d447cd4000bc8a12d447cd4000bc8a12d447cd4000bc8a12d447cd4
2026-02-09 16:29:05.880,K8S-NODE-01,d.holt,1,slack.exe,"slack.exe",systemd,,,SHA256=0021fc235ba289ca0021fc235ba289ca0021fc235ba289ca0021fc235ba289ca
2026-02-09 16:38:32.069,LINUX-JUMP-01,svc.export,1,slack.exe,"slack.exe",cmd.exe,,,SHA256=0022217127184e3a0022217127184e3a0022217127184e3a0022217127184e3a
2026-02-09 16:47:58.343,WIN-HELPDESK-12,marina.ko,1,powershell.exe,"powershell.exe",cmd.exe,,,SHA256=00119ad9f717176700119ad9f717176700119ad9f717176700119ad9f7171767
2026-02-09 16:54:50.110,K8S-NODE-01,a.kim,1,powershell.exe,"powershell.exe",systemd,,,SHA256=000381e39f3bb2ea000381e39f3bb2ea000381e39f3bb2ea000381e39f3bb2ea
2026-02-09 16:57:59.093,LINUX-WEB-02,svc.sync,1,chrome.exe,"chrome.exe",cmd.exe,,,SHA256=001b566e8c98a636001b566e8c98a636001b566e8c98a636001b566e8c98a636
2026-02-09 17:03:26.958,LINUX-WEB-02,d.holt,1,python3,"python3",launchd,,,SHA256=001704cf5ebe0d60001704cf5ebe0d60001704cf5ebe0d60001704cf5ebe0d60
2026-02-09 17:11:37.255,WIN-HELPDESK-12,svc.sync,1,sshd,"sshd",launchd,,,SHA256=0002b96591ff92920002b96591ff92920002b96591ff92920002b96591ff9292
2026-02-09 17:22:41.457,WIN-FIN-WS17,a.kim,1,chrome.exe,"chrome.exe",launchd,,,SHA256=00016784e9bc56bb00016784e9bc56bb00016784e9bc56bb00016784e9bc56bb
2026-02-09 17:28:19.152,WIN-FIN-WS17,a.kim,1,node,"node",systemd,,,SHA256=000e24c16a72c14e000e24c16a72c14e000e24c16a72c14e000e24c16a72c14e
2026-02-09 17:38:26.830,WIN-FS01,a.kim,1,git,"git",launchd,,,SHA256=001c5c649935d039001c5c649935d039001c5c649935d039001c5c649935d039
2026-02-09 17:48:19.400,WIN-FIN-WS17,svc.export,1,node,"node",cmd.exe,,,SHA256=00201c07be2cfa5200201c07be2cfa5200201c07be2cfa5200201c07be2cfa52
2026-02-09 17:55:37.461,WIN-FS01,svc-export,1,sshd,"sshd",launchd,,,SHA256=0013830449fbd5f40013830449fbd5f40013830449fbd5f40013830449fbd5f4
2026-02-09 18:06:44.101,WIN-HELPDESK-12,marina.ko,1,outlook.exe,"outlook.exe",launchd,,,SHA256=001c6b8ae0a1ca7a001c6b8ae0a1ca7a001c6b8ae0a1ca7a001c6b8ae0a1ca7a
2026-02-09 18:17:18.991,K8S-NODE-01,d.holt,1,slack.exe,"slack.exe",launchd,,,SHA256=001477962b5ceedc001477962b5ceedc001477962b5ceedc001477962b5ceedc
2026-02-09 18:23:04.987,WIN-FIN-WS17,svc.sync,1,node,"node",launchd,,,SHA256=001ab02d49e828a9001ab02d49e828a9001ab02d49e828a9001ab02d49e828a9
2026-02-09 18:31:52.172,WIN-FIN-WS17,svc-export,1,outlook.exe,"outlook.exe",systemd,,,SHA256=000a58cf65d375f7000a58cf65d375f7000a58cf65d375f7000a58cf65d375f7
2026-02-09 18:39:34.029,WIN-FIN-WS17,d.holt,1,git,"git",cmd.exe,,,SHA256=000ce12542495a32000ce12542495a32000ce12542495a32000ce12542495a32
2026-02-09 18:46:06.531,WIN-FS01,svc.export,1,powershell.exe,"powershell.exe",launchd,,,SHA256=0008035ff06778d60008035ff06778d60008035ff06778d60008035ff06778d6
2026-02-09 18:53:28.602,WIN-HELPDESK-12,d.holt,1,chrome.exe,"chrome.exe",systemd,,,SHA256=00102a6e480dd26a00102a6e480dd26a00102a6e480dd26a00102a6e480dd26a
2026-02-09 18:57:35.510,WIN-FIN-WS17,d.holt,1,outlook.exe,"outlook.exe",systemd,,,SHA256=000e29b1d03fa75a000e29b1d03fa75a000e29b1d03fa75a000e29b1d03fa75a
2026-02-09 19:08:07.964,WIN-HELPDESK-12,a.kim,1,python3,"python3",systemd,,,SHA256=00044454083f098800044454083f098800044454083f098800044454083f0988
2026-02-09 19:17:50.410,WIN-HELPDESK-12,svc-build,1,slack.exe,"slack.exe",systemd,,,SHA256=00065460e52070a700065460e52070a700065460e52070a700065460e52070a7
2026-02-09 19:29:02.423,LINUX-JUMP-01,marina.ko,1,chrome.exe,"chrome.exe",cmd.exe,,,SHA256=001bef14f99b86bf001bef14f99b86bf001bef14f99b86bf001bef14f99b86bf
2026-02-09 19:32:06.050,LINUX-JUMP-01,marina.ko,1,slack.exe,"slack.exe",cmd.exe,,,SHA256=002316dcd2c3a968002316dcd2c3a968002316dcd2c3a968002316dcd2c3a968
2026-02-09 19:39:47.161,WIN-FIN-WS17,svc-build,1,chrome.exe,"chrome.exe",explorer.exe,,,SHA256=001bd1e09c0d999d001bd1e09c0d999d001bd1e09c0d999d001bd1e09c0d999d
2026-02-09 19:45:16.700,LINUX-JUMP-01,marina.ko,1,git,"git",launchd,,,SHA256=0010cb13861657430010cb13861657430010cb13861657430010cb1386165743
2026-02-09 19:56:33.352,WIN-HELPDESK-12,marina.ko,1,sshd,"sshd",cmd.exe,,,SHA256=0004d849b2097ea40004d849b2097ea40004d849b2097ea40004d849b2097ea4
2026-02-09 20:05:16.474,K8S-NODE-01,d.holt,1,slack.exe,"slack.exe",cmd.exe,,,SHA256=0022f4f248fc7d9c0022f4f248fc7d9c0022f4f248fc7d9c0022f4f248fc7d9c
2026-02-09 20:12:59.812,LINUX-WEB-02,marina.ko,1,git,"git",systemd,,,SHA256=001497dc1dc4eb29001497dc1dc4eb29001497dc1dc4eb29001497dc1dc4eb29
2026-02-09 20:16:03.981,LINUX-JUMP-01,marina.ko,1,node,"node",launchd,,,SHA256=00115231f0b4079000115231f0b4079000115231f0b4079000115231f0b40790
2026-02-09 20:21:29.038,LINUX-WEB-02,svc.export,1,slack.exe,"slack.exe",systemd,,,SHA256=00008a84c4b83c6b00008a84c4b83c6b00008a84c4b83c6b00008a84c4b83c6b
2026-02-09 20:27:26.665,WIN-HELPDESK-12,svc.sync,1,sshd,"sshd",systemd,,,SHA256=000947201ea22b2b000947201ea22b2b000947201ea22b2b000947201ea22b2b
2026-02-09 20:36:42.148,WIN-FS01,svc.export,1,outlook.exe,"outlook.exe",systemd,,,SHA256=0020572732ddc5f60020572732ddc5f60020572732ddc5f60020572732ddc5f6
2026-02-09 20:39:25.894,WIN-HELPDESK-12,a.kim,1,python3,"python3",systemd,,,SHA256=0023052aa6c7e1ec0023052aa6c7e1ec0023052aa6c7e1ec0023052aa6c7e1ec
2026-02-09 20:43:47.816,WIN-HELPDESK-12,a.kim,1,python3,"python3",systemd,,,SHA256=000cda3a9fdffb38000cda3a9fdffb38000cda3a9fdffb38000cda3a9fdffb38
2026-02-09 20:54:59.468,LINUX-WEB-02,svc.sync,1,chrome.exe,"chrome.exe",systemd,,,SHA256=00034682b0f3527a00034682b0f3527a00034682b0f3527a00034682b0f3527a
2026-02-09 21:04:10.961,WIN-FIN-WS17,a.kim,1,powershell.exe,"powershell.exe",cmd.exe,,,SHA256=001cef4192de7063001cef4192de7063001cef4192de7063001cef4192de7063
2026-02-09 21:10:43.856,WIN-FIN-WS17,marina.ko,1,outlook.exe,"outlook.exe",cmd.exe,,,SHA256=0010c712767147a60010c712767147a60010c712767147a60010c712767147a6
2026-02-09 21:18:27.551,K8S-NODE-01,svc-build,1,slack.exe,"slack.exe",launchd,,,SHA256=0017b1e91111ee850017b1e91111ee850017b1e91111ee850017b1e91111ee85
2026-02-09 21:21:54.099,LINUX-JUMP-01,svc.export,1,node,"node",explorer.exe,,,SHA256=00206edba3ca10a200206edba3ca10a200206edba3ca10a200206edba3ca10a2
2026-02-09 21:26:42.517,WIN-HELPDESK-12,svc-export,1,node,"node",systemd,,,SHA256=0008df520cd416e40008df520cd416e40008df520cd416e40008df520cd416e4
2026-02-09 21:36:04.919,WIN-FIN-WS17,svc-build,1,sshd,"sshd",launchd,,,SHA256=001eb24812c36682001eb24812c36682001eb24812c36682001eb24812c36682
2026-02-09 21:45:48.386,WIN-FIN-WS17,d.holt,1,sshd,"sshd",launchd,,,SHA256=00204ed714c5519e00204ed714c5519e00204ed714c5519e00204ed714c5519e
2026-02-09 21:52:32.221,WIN-FIN-WS17,a.kim,1,sshd,"sshd",cmd.exe,,,SHA256=000e2574799d32f2000e2574799d32f2000e2574799d32f2000e2574799d32f2
2026-02-09 22:00:12.889,K8S-NODE-01,svc.sync,1,slack.exe,"slack.exe",explorer.exe,,,SHA256=00068909c895037e00068909c895037e00068909c895037e00068909c895037e
2026-02-09 22:06:19.799,WIN-HELPDESK-12,svc.export,1,sshd,"sshd",systemd,,,SHA256=0010c7f3c28754370010c7f3c28754370010c7f3c28754370010c7f3c2875437
2026-02-09 22:14:04.397,K8S-NODE-01,svc-export,1,node,"node",launchd,,,SHA256=000ac6a2516e4722000ac6a2516e4722000ac6a2516e4722000ac6a2516e4722
2026-02-09 22:22:51.662,LINUX-WEB-02,svc-build,1,chrome.exe,"chrome.exe",systemd,,,SHA256=001e38b2dc36ba6b001e38b2dc36ba6b001e38b2dc36ba6b001e38b2dc36ba6b
2026-02-09 22:29:14.688,LINUX-JUMP-01,svc-export,1,git,"git",launchd,,,SHA256=0011bc55338ca54e0011bc55338ca54e0011bc55338ca54e0011bc55338ca54e
2026-02-09 22:35:36.049,WIN-FS01,svc.sync,1,node,"node",systemd,,,SHA256=000a94027eb779f3000a94027eb779f3000a94027eb779f3000a94027eb779f3
2026-02-09 22:40:19.155,WIN-HELPDESK-12,svc-export,1,python3,"python3",explorer.exe,,,SHA256=001e863b4c658889001e863b4c658889001e863b4c658889001e863b4c658889
2026-02-09 22:44:22.801,WIN-HELPDESK-12,svc.sync,1,git,"git",launchd,,,SHA256=00200ab1ac46af4200200ab1ac46af4200200ab1ac46af4200200ab1ac46af42
2026-02-09 22:48:25.202,WIN-FIN-WS17,svc.sync,1,sshd,"sshd",launchd,,,SHA256=00192e96c7d6680100192e96c7d6680100192e96c7d6680100192e96c7d66801
2026-02-09 22:59:41.399,WIN-FS01,d.holt,1,python3,"python3",cmd.exe,,,SHA256=0016a5d4765d4fd40016a5d4765d4fd40016a5d4765d4fd40016a5d4765d4fd4
2026-02-09 23:05:00.192,LINUX-WEB-02,marina.ko,1,slack.exe,"slack.exe",systemd,,,SHA256=001ae21bcc51e59b001ae21bcc51e59b001ae21bcc51e59b001ae21bcc51e59b
2026-02-09 23:13:02.604,WIN-FIN-WS17,marina.ko,1,node,"node",systemd,,,SHA256=0012b05580af44640012b05580af44640012b05580af44640012b05580af4464
2026-02-09 23:17:40.942,WIN-FIN-WS17,a.kim,1,slack.exe,"slack.exe",launchd,,,SHA256=001148945e645b5a001148945e645b5a001148945e645b5a001148945e645b5a
2026-02-09 23:24:32.242,WIN-HELPDESK-12,marina.ko,1,git,"git",explorer.exe,,,SHA256=000030fc34dd686e000030fc34dd686e000030fc34dd686e000030fc34dd686e
2026-02-09 23:30:27.378,K8S-NODE-01,svc-build,1,powershell.exe,"powershell.exe",explorer.exe,,,SHA256=0012d77f736a93f40012d77f736a93f40012d77f736a93f40012d77f736a93f4
2026-02-09 23:37:21.322,LINUX-JUMP-01,svc.sync,1,python3,"python3",launchd,,,SHA256=000d00de4a374aeb000d00de4a374aeb000d00de4a374aeb000d00de4a374aeb
2026-02-09 23:48:33.597,LINUX-JUMP-01,svc-build,1,git,"git",cmd.exe,,,SHA256=00004b170c31aab100004b170c31aab100004b170c31aab100004b170c31aab1
2026-02-09 23:58:02.288,WIN-HELPDESK-12,svc.export,1,python3,"python3",launchd,,,SHA256=000cf1d829b5cc4a000cf1d829b5cc4a000cf1d829b5cc4a000cf1d829b5cc4a
2026-02-10 00:03:30.201,LINUX-JUMP-01,marina.ko,1,chrome.exe,"chrome.exe",launchd,,,SHA256=000265c8f6fc4e86000265c8f6fc4e86000265c8f6fc4e86000265c8f6fc4e86
2026-02-10 00:07:56.839,LINUX-WEB-02,svc.sync,1,git,"git",launchd,,,SHA256=000d38b24a67f5ac000d38b24a67f5ac000d38b24a67f5ac000d38b24a67f5ac
2026-02-10 00:16:42.391,WIN-HELPDESK-12,marina.ko,1,git,"git",launchd,,,SHA256=0003ca3d8a80e4700003ca3d8a80e4700003ca3d8a80e4700003ca3d8a80e470
2026-02-10 00:27:26.363,LINUX-JUMP-01,marina.ko,1,python3,"python3",explorer.exe,,,SHA256=0017d8fab61ca5630017d8fab61ca5630017d8fab61ca5630017d8fab61ca563
2026-02-10 00:37:28.950,LINUX-WEB-02,d.holt,1,outlook.exe,"outlook.exe",launchd,,,SHA256=000ee15610bf4515000ee15610bf4515000ee15610bf4515000ee15610bf4515
2026-02-10 00:41:51.677,WIN-HELPDESK-12,svc-build,1,outlook.exe,"outlook.exe",explorer.exe,,,SHA256=001ac439acd8ecab001ac439acd8ecab001ac439acd8ecab001ac439acd8ecab
2026-02-10 00:45:57.843,WIN-FS01,d.holt,1,outlook.exe,"outlook.exe",cmd.exe,,,SHA256=0008719c4aa411970008719c4aa411970008719c4aa411970008719c4aa41197
2026-02-10 00:56:34.367,WIN-FIN-WS17,a.kim,1,slack.exe,"slack.exe",launchd,,,SHA256=001a16365b153aa9001a16365b153aa9001a16365b153aa9001a16365b153aa9
2026-02-10 01:00:54.811,WIN-FIN-WS17,svc-build,1,git,"git",explorer.exe,,,SHA256=000efa49cc73dbba000efa49cc73dbba000efa49cc73dbba000efa49cc73dbba
2026-02-10 01:09:47.662,K8S-NODE-01,svc-export,1,chrome.exe,"chrome.exe",explorer.exe,,,SHA256=0008900e9425b0a30008900e9425b0a30008900e9425b0a30008900e9425b0a3
2026-02-10 01:15:11.945,LINUX-JUMP-01,svc.export,1,outlook.exe,"outlook.exe",cmd.exe,,,SHA256=00093ad9d3d49d3800093ad9d3d49d3800093ad9d3d49d3800093ad9d3d49d38
2026-02-10 01:19:10.397,K8S-NODE-01,svc.sync,1,git,"git",launchd,,,SHA256=000d9b197bac3b80000d9b197bac3b80000d9b197bac3b80000d9b197bac3b80
2026-02-10 01:26:03.866,WIN-HELPDESK-12,marina.ko,1,slack.exe,"slack.exe",cmd.exe,,,SHA256=0004caaa6ed23a620004caaa6ed23a620004caaa6ed23a620004caaa6ed23a62
2026-02-10 01:32:33.244,WIN-FIN-WS17,svc-build,1,git,"git",systemd,,,SHA256=00179d0788554e8100179d0788554e8100179d0788554e8100179d0788554e81
2026-02-10 01:37:09.737,LINUX-JUMP-01,svc-build,1,outlook.exe,"outlook.exe",explorer.exe,,,SHA256=0000ed18cc950bfa0000ed18cc950bfa0000ed18cc950bfa0000ed18cc950bfa
2026-02-10 01:47:32.016,WIN-HELPDESK-12,d.holt,1,powershell.exe,"powershell.exe",systemd,,,SHA256=0021c57ac1a25b400021c57ac1a25b400021c57ac1a25b400021c57ac1a25b40
2026-02-10 01:58:39.997,LINUX-JUMP-01,svc-export,1,git,"git",systemd,,,SHA256=00031f682881ac4e00031f682881ac4e00031f682881ac4e00031f682881ac4e
2026-02-10 02:01:58.470,WIN-HELPDESK-12,a.kim,1,git,"git",systemd,,,SHA256=001de202dae362e8001de202dae362e8001de202dae362e8001de202dae362e8
2026-02-10 02:09:37.286,WIN-FS01,d.holt,1,powershell.exe,"powershell.exe",systemd,,,SHA256=001c00f96ea08398001c00f96ea08398001c00f96ea08398001c00f96ea08398
2026-02-10 02:12:44.677,WIN-FS01,svc.export,1,sshd,"sshd",cmd.exe,,,SHA256=0002739036bc3cb40002739036bc3cb40002739036bc3cb40002739036bc3cb4
2026-02-10 02:23:01.697,WIN-FIN-WS17,marina.ko,1,outlook.exe,"outlook.exe",systemd,,,SHA256=000c1816541bcf93000c1816541bcf93000c1816541bcf93000c1816541bcf93
2026-02-10 02:30:32.616,LINUX-JUMP-01,svc.sync,1,node,"node",cmd.exe,,,SHA256=001b8d562b3f6dac001b8d562b3f6dac001b8d562b3f6dac001b8d562b3f6dac
2026-02-10 02:35:01.081,K8S-NODE-01,a.kim,1,sshd,"sshd",systemd,,,SHA256=000eb19ee7602260000eb19ee7602260000eb19ee7602260000eb19ee7602260
2026-02-10 02:42:46.317,WIN-FS01,svc-build,1,node,"node",explorer.exe,,,SHA256=001b93743d8cad9d001b93743d8cad9d001b93743d8cad9d001b93743d8cad9d
2026-02-10 02:49:47.789,WIN-HELPDESK-12,a.kim,1,sshd,"sshd",systemd,,,SHA256=000ca449aefc949a000ca449aefc949a000ca449aefc949a000ca449aefc949a
2026-02-10 02:52:59.476,WIN-FIN-WS17,marina.ko,1,chrome.exe,"chrome.exe",explorer.exe,,,SHA256=000636bb0fb27558000636bb0fb27558000636bb0fb27558000636bb0fb27558
2026-02-10 02:57:53.827,K8S-NODE-01,svc.sync,1,sshd,"sshd",launchd,,,SHA256=000eb7c4807826b6000eb7c4807826b6000eb7c4807826b6000eb7c4807826b6
2026-02-10 03:07:37.091,LINUX-WEB-02,svc.export,1,sshd,"sshd",explorer.exe,,,SHA256=002141e59217322e002141e59217322e002141e59217322e002141e59217322e
2026-02-10 03:15:37.052,WIN-FS01,svc-export,1,sshd,"sshd",cmd.exe,,,SHA256=0018658dfca00da00018658dfca00da00018658dfca00da00018658dfca00da0
2026-02-10 03:19:05.308,WIN-HELPDESK-12,svc-build,1,powershell.exe,"powershell.exe",cmd.exe,,,SHA256=0009c03ed073faab0009c03ed073faab0009c03ed073faab0009c03ed073faab
2026-02-10 03:24:21.647,WIN-FIN-WS17,svc-export,1,slack.exe,"slack.exe",launchd,,,SHA256=001c08281654e691001c08281654e691001c08281654e691001c08281654e691
2026-02-10 03:28:49.273,WIN-FS01,svc-export,1,python3,"python3",launchd,,,SHA256=0022803ee8f0e0900022803ee8f0e0900022803ee8f0e0900022803ee8f0e090
2026-02-10 03:31:56.745,LINUX-JUMP-01,svc-export,1,git,"git",systemd,,,SHA256=0010cc4476080e340010cc4476080e340010cc4476080e340010cc4476080e34
2026-02-10 03:34:54.431,LINUX-JUMP-01,d.holt,1,sshd,"sshd",launchd,,,SHA256=0022aea1b6e63c160022aea1b6e63c160022aea1b6e63c160022aea1b6e63c16
2026-02-10 03:37:47.690,LINUX-JUMP-01,marina.ko,1,git,"git",explorer.exe,,,SHA256=00181255b84996fb00181255b84996fb00181255b84996fb00181255b84996fb
2026-02-10 03:47:32.310,LINUX-JUMP-01,d.holt,1,powershell.exe,"powershell.exe",explorer.exe,,,SHA256=0020382f84028c5e0020382f84028c5e0020382f84028c5e0020382f84028c5e
2026-02-10 03:58:15.053,WIN-HELPDESK-12,d.holt,1,outlook.exe,"outlook.exe",systemd,,,SHA256=001ab4e362b39abd001ab4e362b39abd001ab4e362b39abd001ab4e362b39abd
2026-02-10 04:07:47.487,LINUX-WEB-02,svc.sync,1,node,"node",systemd,,,SHA256=000aa9c6ff40c93d000aa9c6ff40c93d000aa9c6ff40c93d000aa9c6ff40c93d
2026-02-10 04:12:07.149,K8S-NODE-01,svc.sync,1,python3,"python3",cmd.exe,,,SHA256=001d640ab33ce393001d640ab33ce393001d640ab33ce393001d640ab33ce393
2026-02-10 04:16:28.029,LINUX-WEB-02,svc-export,1,git,"git",systemd,,,SHA256=0019ee76d97a42290019ee76d97a42290019ee76d97a42290019ee76d97a4229
2026-02-10 04:24:52.420,WIN-HELPDESK-12,svc.sync,1,slack.exe,"slack.exe",cmd.exe,,,SHA256=0014ab472e5b27f30014ab472e5b27f30014ab472e5b27f30014ab472e5b27f3
2026-02-10 04:36:17.347,K8S-NODE-01,marina.ko,1,git,"git",cmd.exe,,,SHA256=000540ff2bad667c000540ff2bad667c000540ff2bad667c000540ff2bad667c
2026-02-10 04:45:48.675,WIN-FIN-WS17,svc.sync,1,node,"node",launchd,,,SHA256=001f008ef89c560c001f008ef89c560c001f008ef89c560c001f008ef89c560c
2026-02-10 04:54:51.006,WIN-HELPDESK-12,marina.ko,1,powershell.exe,"powershell.exe",launchd,,,SHA256=000208d98de812f3000208d98de812f3000208d98de812f3000208d98de812f3
2026-02-10 05:05:46.803,WIN-FIN-WS17,svc.sync,1,slack.exe,"slack.exe",cmd.exe,,,SHA256=0022bc4987c0aa640022bc4987c0aa640022bc4987c0aa640022bc4987c0aa64
2026-02-10 05:11:17.685,LINUX-WEB-02,a.kim,1,python3,"python3",cmd.exe,,,SHA256=000d7620dd454061000d7620dd454061000d7620dd454061000d7620dd454061
2026-02-10 05:18:57.209,LINUX-WEB-02,d.holt,1,node,"node",explorer.exe,,,SHA256=000f2a8acf5f8dad000f2a8acf5f8dad000f2a8acf5f8dad000f2a8acf5f8dad
2026-02-10 05:22:49.085,WIN-FIN-WS17,a.kim,1,sshd,"sshd",explorer.exe,,,SHA256=00043c2710c92fb500043c2710c92fb500043c2710c92fb500043c2710c92fb5
2026-02-10 05:29:27.827,WIN-HELPDESK-12,svc-export,1,powershell.exe,"powershell.exe",cmd.exe,,,SHA256=001766778c8375ee001766778c8375ee001766778c8375ee001766778c8375ee
2026-02-10 05:35:39.204,WIN-FIN-WS17,a.kim,1,chrome.exe,"chrome.exe",cmd.exe,,,SHA256=0007136e7e416f2d0007136e7e416f2d0007136e7e416f2d0007136e7e416f2d
2026-02-10 05:38:33.216,LINUX-WEB-02,svc-build,1,chrome.exe,"chrome.exe",explorer.exe,,,SHA256=00230b817fd846d200230b817fd846d200230b817fd846d200230b817fd846d2
2026-02-10 05:44:19.061,LINUX-JUMP-01,svc-export,1,git,"git",launchd,,,SHA256=0001eabc5d7954da0001eabc5d7954da0001eabc5d7954da0001eabc5d7954da
2026-02-10 05:49:14.846,WIN-FS01,svc.sync,1,sshd,"sshd",launchd,,,SHA256=0015a0006dc8ed490015a0006dc8ed490015a0006dc8ed490015a0006dc8ed49
2026-02-10 05:56:28.515,LINUX-WEB-02,svc.export,1,python3,"python3",cmd.exe,,,SHA256=001ea29a1ed8ca57001ea29a1ed8ca57001ea29a1ed8ca57001ea29a1ed8ca57
2026-02-10 06:03:23.322,LINUX-JUMP-01,d.holt,1,outlook.exe,"outlook.exe",systemd,,,SHA256=0017015d7c4732680017015d7c4732680017015d7c4732680017015d7c473268
2026-02-10 06:12:52.514,WIN-FS01,svc-export,1,slack.exe,"slack.exe",systemd,,,SHA256=00124dd38d5785c400124dd38d5785c400124dd38d5785c400124dd38d5785c4
2026-02-10 06:18:13.912,WIN-FIN-WS17,d.holt,1,python3,"python3",cmd.exe,,,SHA256=000ffbc321e9017c000ffbc321e9017c000ffbc321e9017c000ffbc321e9017c
2026-02-10 06:23:24.679,WIN-HELPDESK-12,a.kim,1,sshd,"sshd",explorer.exe,,,SHA256=0018466197020c070018466197020c070018466197020c070018466197020c07
2026-02-10 06:30:37.364,WIN-HELPDESK-12,svc-build,1,node,"node",launchd,,,SHA256=0016960c51889d720016960c51889d720016960c51889d720016960c51889d72
2026-02-10 06:38:26.798,WIN-FIN-WS17,marina.ko,1,sshd,"sshd",cmd.exe,,,SHA256=0015085e1e9018450015085e1e9018450015085e1e9018450015085e1e901845
2026-02-10 06:44:08.647,WIN-FS01,d.holt,1,python3,"python3",explorer.exe,,,SHA256=00164ebd3fac816600164ebd3fac816600164ebd3fac816600164ebd3fac8166
2026-02-10 06:47:08.397,WIN-FS01,svc.export,1,slack.exe,"slack.exe",cmd.exe,,,SHA256=000cf3cec8ac449c000cf3cec8ac449c000cf3cec8ac449c000cf3cec8ac449c
2026-02-10 06:57:26.837,LINUX-WEB-02,svc.export,1,sshd,"sshd",cmd.exe,,,SHA256=001701625581e888001701625581e888001701625581e888001701625581e888
2026-02-10 07:07:36.192,K8S-NODE-01,marina.ko,1,outlook.exe,"outlook.exe",systemd,,,SHA256=000176c72c981024000176c72c981024000176c72c981024000176c72c981024
2026-02-10 07:11:20.026,WIN-FIN-WS17,svc.sync,1,sshd,"sshd",cmd.exe,,,SHA256=000e9062a5933935000e9062a5933935000e9062a5933935000e9062a5933935
2026-02-10 07:14:18.863,K8S-NODE-01,svc-export,1,node,"node",launchd,,,SHA256=00168e1026db9e2800168e1026db9e2800168e1026db9e2800168e1026db9e28
2026-02-10 07:20:59.753,WIN-HELPDESK-12,d.holt,1,slack.exe,"slack.exe",systemd,,,SHA256=00002b5f7f20cf5400002b5f7f20cf5400002b5f7f20cf5400002b5f7f20cf54
2026-02-10 07:26:18.197,K8S-NODE-01,svc.export,1,outlook.exe,"outlook.exe",cmd.exe,,,SHA256=001d91eefbd3caa0001d91eefbd3caa0001d91eefbd3caa0001d91eefbd3caa0
2026-02-10 07:37:10.059,K8S-NODE-01,d.holt,1,sshd,"sshd",cmd.exe,,,SHA256=0018b463daeae1f00018b463daeae1f00018b463daeae1f00018b463daeae1f0
2026-02-10 07:44:13.272,WIN-FS01,svc.export,1,node,"node",launchd,,,SHA256=00071c7cffb26ff000071c7cffb26ff000071c7cffb26ff000071c7cffb26ff0
2026-02-10 07:54:46.912,WIN-FS01,svc.sync,1,git,"git",cmd.exe,,,SHA256=0016130ba8e880160016130ba8e880160016130ba8e880160016130ba8e88016
2026-02-10 07:58:30.005,WIN-FIN-WS17,svc.sync,1,slack.exe,"slack.exe",explorer.exe,,,SHA256=00002dcc5a60f9e600002dcc5a60f9e600002dcc5a60f9e600002dcc5a60f9e6
2026-02-10 08:04:04.388,LINUX-JUMP-01,d.holt,1,slack.exe,"slack.exe",explorer.exe,,,SHA256=0016b1785d6be0ef0016b1785d6be0ef0016b1785d6be0ef0016b1785d6be0ef
2026-02-10 08:10:23.979,LINUX-WEB-02,marina.ko,1,sshd,"sshd",launchd,,,SHA256=0000447427eca1ef0000447427eca1ef0000447427eca1ef0000447427eca1ef
2026-02-10 08:13:54.565,LINUX-WEB-02,svc-export,1,sshd,"sshd",explorer.exe,,,SHA256=001bcd7f70c1831f001bcd7f70c1831f001bcd7f70c1831f001bcd7f70c1831f
2026-02-10 08:19:50.108,WIN-FS01,svc-export,1,slack.exe,"slack.exe",cmd.exe,,,SHA256=001dcf459f5ef09c001dcf459f5ef09c001dcf459f5ef09c001dcf459f5ef09c
2026-02-10 08:26:28.784,K8S-NODE-01,svc.export,1,outlook.exe,"outlook.exe",systemd,,,SHA256=0003088a1867d75f0003088a1867d75f0003088a1867d75f0003088a1867d75f
2026-02-10 08:31:28.322,WIN-HELPDESK-12,svc.sync,1,chrome.exe,"chrome.exe",launchd,,,SHA256=001d2cc55b006053001d2cc55b006053001d2cc55b006053001d2cc55b006053
2026-02-10 08:38:18.493,WIN-HELPDESK-12,svc-export,1,node,"node",launchd,,,SHA256=001a2efcdfe17258001a2efcdfe17258001a2efcdfe17258001a2efcdfe17258
2026-02-10 08:43:40.073,WIN-FS01,svc.sync,1,chrome.exe,"chrome.exe",explorer.exe,,,SHA256=000bf57af30b3d58000bf57af30b3d58000bf57af30b3d58000bf57af30b3d58
2026-02-10 08:48:54.553,LINUX-JUMP-01,svc-build,1,git,"git",explorer.exe,,,SHA256=001d1ba0f74301c1001d1ba0f74301c1001d1ba0f74301c1001d1ba0f74301c1
2026-02-10 08:55:26.096,LINUX-JUMP-01,svc.sync,1,powershell.exe,"powershell.exe",explorer.exe,,,SHA256=0003f453ee6a1efd0003f453ee6a1efd0003f453ee6a1efd0003f453ee6a1efd
2026-02-10 08:59:14.495,WIN-HELPDESK-12,svc-export,1,sshd,"sshd",launchd,,,SHA256=000393271fb680ba000393271fb680ba000393271fb680ba000393271fb680ba
2026-02-10 09:06:41.473,LINUX-JUMP-01,svc-build,1,slack.exe,"slack.exe",launchd,,,SHA256=00009d046421962600009d046421962600009d046421962600009d0464219626
2026-02-10 09:14:27.848,K8S-NODE-01,svc.sync,1,outlook.exe,"outlook.exe",explorer.exe,,,SHA256=00162adff4b2676a00162adff4b2676a00162adff4b2676a00162adff4b2676a
2026-02-10 09:21:39.687,WIN-FS01,svc.export,1,outlook.exe,"outlook.exe",cmd.exe,,,SHA256=00090f50152fed0300090f50152fed0300090f50152fed0300090f50152fed03
2026-02-10 09:30:20.274,WIN-FIN-WS17,marina.ko,1,slack.exe,"slack.exe",cmd.exe,,,SHA256=00029ea8e8a3d1d500029ea8e8a3d1d500029ea8e8a3d1d500029ea8e8a3d1d5
2026-02-10 09:41:22.967,LINUX-WEB-02,svc-build,1,git,"git",systemd,,,SHA256=0000e742545714080000e742545714080000e742545714080000e74254571408
2026-02-10 09:50:57.885,WIN-FIN-WS17,a.kim,1,git,"git",systemd,,,SHA256=0005828461d2da020005828461d2da020005828461d2da020005828461d2da02
2026-02-10 09:56:51.855,WIN-FIN-WS17,a.kim,1,chrome.exe,"chrome.exe",launchd,,,SHA256=0001c8827a80182e0001c8827a80182e0001c8827a80182e0001c8827a80182e
2026-02-10 10:00:23.731,WIN-HELPDESK-12,a.kim,1,powershell.exe,"powershell.exe",explorer.exe,,,SHA256=0010b4d14d04a14d0010b4d14d04a14d0010b4d14d04a14d0010b4d14d04a14d
2026-02-10 10:06:32.546,WIN-HELPDESK-12,svc-export,1,outlook.exe,"outlook.exe",explorer.exe,,,SHA256=00138c7ab608be7000138c7ab608be7000138c7ab608be7000138c7ab608be70
2026-02-10 10:13:59.070,K8S-NODE-01,svc-build,1,sshd,"sshd",systemd,,,SHA256=00164111ca82c50700164111ca82c50700164111ca82c50700164111ca82c507
2026-02-10 10:17:16.186,LINUX-WEB-02,svc.sync,1,node,"node",launchd,,,SHA256=00133e05bbca207f00133e05bbca207f00133e05bbca207f00133e05bbca207f
2026-02-10 10:21:12.673,WIN-FS01,marina.ko,1,git,"git",cmd.exe,,,SHA256=0013dfacce3f3a560013dfacce3f3a560013dfacce3f3a560013dfacce3f3a56
2026-02-10 10:27:09.928,WIN-HELPDESK-12,d.holt,1,node,"node",launchd,,,SHA256=0013d34abd9366c60013d34abd9366c60013d34abd9366c60013d34abd9366c6
2026-02-10 10:33:02.024,WIN-FS01,a.kim,1,git,"git",launchd,,,SHA256=000aed3df506cd4a000aed3df506cd4a000aed3df506cd4a000aed3df506cd4a
2026-02-10 10:41:15.183,LINUX-JUMP-01,a.kim,1,python3,"python3",cmd.exe,,,SHA256=0005abc0d878fba40005abc0d878fba40005abc0d878fba40005abc0d878fba4
2026-02-10 10:51:40.913,K8S-NODE-01,d.holt,1,outlook.exe,"outlook.exe",explorer.exe,,,SHA256=001995c36ca4bf3d001995c36ca4bf3d001995c36ca4bf3d001995c36ca4bf3d
2026-02-10 10:56:54.111,WIN-FS01,svc-build,1,sshd,"sshd",cmd.exe,,,SHA256=001dbe0e149bd3e7001dbe0e149bd3e7001dbe0e149bd3e7001dbe0e149bd3e7
2026-02-10 11:05:08.527,K8S-NODE-01,marina.ko,1,node,"node",launchd,,,SHA256=001da807ca44406f001da807ca44406f001da807ca44406f001da807ca44406f
2026-02-10 11:11:41.034,LINUX-WEB-02,d.holt,1,node,"node",cmd.exe,,,SHA256=00061585c223a88500061585c223a88500061585c223a88500061585c223a885
2026-02-10 11:19:25.795,LINUX-WEB-02,marina.ko,1,powershell.exe,"powershell.exe",launchd,,,SHA256=002041b1f319c0e0002041b1f319c0e0002041b1f319c0e0002041b1f319c0e0
2026-02-10 11:28:21.085,K8S-NODE-01,marina.ko,1,git,"git",explorer.exe,,,SHA256=000ca1d0c1fc3da1000ca1d0c1fc3da1000ca1d0c1fc3da1000ca1d0c1fc3da1
2026-02-10 11:39:05.353,WIN-HELPDESK-12,svc-export,1,node,"node",cmd.exe,,,SHA256=000bdb311c3a546e000bdb311c3a546e000bdb311c3a546e000bdb311c3a546e
2026-02-10 11:48:14.014,WIN-HELPDESK-12,svc.sync,1,outlook.exe,"outlook.exe",launchd,,,SHA256=000fc5e3522012bc000fc5e3522012bc000fc5e3522012bc000fc5e3522012bc
2026-02-10 11:51:12.106,LINUX-JUMP-01,svc-build,1,sshd,"sshd",explorer.exe,,,SHA256=00212e5aad4ca63200212e5aad4ca63200212e5aad4ca63200212e5aad4ca632
2026-02-10 11:56:26.699,K8S-NODE-01,svc-export,1,chrome.exe,"chrome.exe",launchd,,,SHA256=00210f0052a6183a00210f0052a6183a00210f0052a6183a00210f0052a6183a
2026-02-10 12:04:32.026,WIN-FIN-WS17,marina.ko,1,chrome.exe,"chrome.exe",explorer.exe,,,SHA256=000c9fad14153716000c9fad14153716000c9fad14153716000c9fad14153716
2026-02-10 12:12:53.563,LINUX-JUMP-01,svc-build,1,git,"git",explorer.exe,,,SHA256=001289df30c74616001289df30c74616001289df30c74616001289df30c74616
2026-02-10 12:16:17.408,WIN-FIN-WS17,svc.export,1,node,"node",explorer.exe,,,SHA256=0013c9c8a8f7e3ba0013c9c8a8f7e3ba0013c9c8a8f7e3ba0013c9c8a8f7e3ba
2026-02-10 12:25:09.679,WIN-HELPDESK-12,marina.ko,1,python3,"python3",cmd.exe,,,SHA256=000780eb88642fe7000780eb88642fe7000780eb88642fe7000780eb88642fe7
2026-02-10 12:36:17.470,WIN-FIN-WS17,a.kim,1,node,"node",launchd,,,SHA256=00162763ee40ed8700162763ee40ed8700162763ee40ed8700162763ee40ed87
2026-02-10 12:40:57.007,LINUX-JUMP-01,svc.export,1,git,"git",explorer.exe,,,SHA256=00007fe90fe4f21500007fe90fe4f21500007fe90fe4f21500007fe90fe4f215
2026-02-10 12:47:13.769,K8S-NODE-01,svc-export,1,git,"git",explorer.exe,,,SHA256=000dc5b7f1f10313000dc5b7f1f10313000dc5b7f1f10313000dc5b7f1f10313
2026-02-10 12:50:49.811,WIN-HELPDESK-12,a.kim,1,sshd,"sshd",systemd,,,SHA256=00229694c799145800229694c799145800229694c799145800229694c7991458
2026-02-10 12:55:00.573,WIN-FS01,d.holt,1,powershell.exe,"powershell.exe",systemd,,,SHA256=00152e4a4fcf03b600152e4a4fcf03b600152e4a4fcf03b600152e4a4fcf03b6
2026-02-10 12:59:40.941,LINUX-WEB-02,svc.export,1,outlook.exe,"outlook.exe",systemd,,,SHA256=000a87ec17d43d70000a87ec17d43d70000a87ec17d43d70000a87ec17d43d70
2026-02-10 13:09:00.906,WIN-HELPDESK-12,a.kim,1,outlook.exe,"outlook.exe",systemd,,,SHA256=001580eb79c17a6b001580eb79c17a6b001580eb79c17a6b001580eb79c17a6b
2026-02-10 13:18:16.275,WIN-FIN-WS17,svc.sync,1,chrome.exe,"chrome.exe",explorer.exe,,,SHA256=0019dabf8cd5d4290019dabf8cd5d4290019dabf8cd5d4290019dabf8cd5d429
2026-02-10 13:22:29.655,LINUX-WEB-02,svc.export,1,git,"git",launchd,,,SHA256=001dc22b26e80beb001dc22b26e80beb001dc22b26e80beb001dc22b26e80beb
2026-02-10 13:31:00.266,WIN-FIN-WS17,marina.ko,1,node,"node",explorer.exe,,,SHA256=0012a3dd7902e9900012a3dd7902e9900012a3dd7902e9900012a3dd7902e990
2026-02-10 13:37:05.724,K8S-NODE-01,svc.sync,1,slack.exe,"slack.exe",launchd,,,SHA256=00114e27fa0c540700114e27fa0c540700114e27fa0c540700114e27fa0c5407
2026-02-10 13:40:01.134,WIN-HELPDESK-12,d.holt,1,python3,"python3",explorer.exe,,,SHA256=0016aa27f0b008700016aa27f0b008700016aa27f0b008700016aa27f0b00870
2026-02-10 13:45:55.841,LINUX-WEB-02,svc-export,1,outlook.exe,"outlook.exe",explorer.exe,,,SHA256=0007455a5744ee440007455a5744ee440007455a5744ee440007455a5744ee44
2026-02-10 13:50:19.887,WIN-FIN-WS17,svc.export,1,outlook.exe,"outlook.exe",systemd,,,SHA256=00222317cea7c61200222317cea7c61200222317cea7c61200222317cea7c612
2026-02-10 14:01:23.278,WIN-FS01,svc-export,1,git,"git",cmd.exe,,,SHA256=001aa6b8b142a5bb001aa6b8b142a5bb001aa6b8b142a5bb001aa6b8b142a5bb
2026-02-10 14:10:52.984,LINUX-WEB-02,svc-build,1,chrome.exe,"chrome.exe",systemd,,,SHA256=001ad2a3d1f63035001ad2a3d1f63035001ad2a3d1f63035001ad2a3d1f63035
2026-02-10 14:21:15.340,WIN-FS01,svc-build,1,slack.exe,"slack.exe",cmd.exe,,,SHA256=001dffad6fbc0832001dffad6fbc0832001dffad6fbc0832001dffad6fbc0832
2026-02-10 14:27:54.057,K8S-NODE-01,a.kim,1,powershell.exe,"powershell.exe",systemd,,,SHA256=0015be33a5df744a0015be33a5df744a0015be33a5df744a0015be33a5df744a
2026-02-10 14:34:34.121,LINUX-WEB-02,marina.ko,1,chrome.exe,"chrome.exe",launchd,,,SHA256=001910ea7b9ed875001910ea7b9ed875001910ea7b9ed875001910ea7b9ed875
2026-02-10 14:45:05.757,WIN-FS01,d.holt,1,node,"node",launchd,,,SHA256=0013ef2bf1955bf20013ef2bf1955bf20013ef2bf1955bf20013ef2bf1955bf2
2026-02-10 14:47:55.635,K8S-NODE-01,marina.ko,1,node,"node",launchd,,,SHA256=00002bd73e0d1bf800002bd73e0d1bf800002bd73e0d1bf800002bd73e0d1bf8
2026-02-10 14:58:48.392,WIN-HELPDESK-12,svc.sync,1,slack.exe,"slack.exe",cmd.exe,,,SHA256=00066fc7f67a7abb00066fc7f67a7abb00066fc7f67a7abb00066fc7f67a7abb
2026-02-10 15:08:53.078,WIN-FS01,marina.ko,1,slack.exe,"slack.exe",launchd,,,SHA256=0007fff5a5f0bfb10007fff5a5f0bfb10007fff5a5f0bfb10007fff5a5f0bfb1
2026-02-10 15:13:17.680,LINUX-WEB-02,d.holt,1,slack.exe,"slack.exe",cmd.exe,,,SHA256=001d6503412c2919001d6503412c2919001d6503412c2919001d6503412c2919
2026-02-10 15:18:20.573,K8S-NODE-01,svc-export,1,node,"node",launchd,,,SHA256=00175f74390c103100175f74390c103100175f74390c103100175f74390c1031
2026-02-10 15:28:59.526,WIN-FIN-WS17,a.kim,1,powershell.exe,"powershell.exe",explorer.exe,,,SHA256=000bc49a2ff2a8a2000bc49a2ff2a8a2000bc49a2ff2a8a2000bc49a2ff2a8a2
2026-02-10 15:36:44.409,WIN-HELPDESK-12,svc-build,1,chrome.exe,"chrome.exe",cmd.exe,,,SHA256=001283a7dbb48103001283a7dbb48103001283a7dbb48103001283a7dbb48103
2026-02-10 15:47:35.393,WIN-FIN-WS17,a.kim,1,node,"node",explorer.exe,,,SHA256=001bd84dc5c50d8d001bd84dc5c50d8d001bd84dc5c50d8d001bd84dc5c50d8d
2026-02-10 15:52:09.366,K8S-NODE-01,svc-export,1,node,"node",explorer.exe,,,SHA256=002137e64b027f48002137e64b027f48002137e64b027f48002137e64b027f48
2026-02-10 15:55:27.438,WIN-FIN-WS17,a.kim,1,chrome.exe,"chrome.exe",launchd,,,SHA256=000945fa094cc96a000945fa094cc96a000945fa094cc96a000945fa094cc96a
2026-02-10 16:05:18.394,WIN-FIN-WS17,svc.export,1,outlook.exe,"outlook.exe",cmd.exe,,,SHA256=001a32f6e1314b93001a32f6e1314b93001a32f6e1314b93001a32f6e1314b93
2026-02-10 16:15:58.221,K8S-NODE-01,svc-export,1,chrome.exe,"chrome.exe",launchd,,,SHA256=00155d8f6c41f32500155d8f6c41f32500155d8f6c41f32500155d8f6c41f325
2026-02-10 16:19:44.494,LINUX-JUMP-01,a.kim,1,git,"git",explorer.exe,,,SHA256=000d53fc92ee1700000d53fc92ee1700000d53fc92ee1700000d53fc92ee1700
2026-02-10 16:22:55.420,WIN-FS01,d.holt,1,python3,"python3",explorer.exe,,,SHA256=00151a12d2eaa83800151a12d2eaa83800151a12d2eaa83800151a12d2eaa838
2026-02-10 16:31:24.307,WIN-FIN-WS17,a.kim,1,python3,"python3",launchd,,,SHA256=000c96f47729df9a000c96f47729df9a000c96f47729df9a000c96f47729df9a
2026-02-10 16:41:17.599,WIN-FIN-WS17,marina.ko,1,git,"git",launchd,,,SHA256=0006a98ce1b0232e0006a98ce1b0232e0006a98ce1b0232e0006a98ce1b0232e
2026-02-10 16:50:03.517,K8S-NODE-01,svc-export,1,chrome.exe,"chrome.exe",systemd,,,SHA256=002301918205c7ee002301918205c7ee002301918205c7ee002301918205c7ee
2026-02-10 16:58:12.715,LINUX-JUMP-01,svc.sync,1,node,"node",systemd,,,SHA256=001494b9ecc3635f001494b9ecc3635f001494b9ecc3635f001494b9ecc3635f
2026-02-10 17:08:54.816,WIN-FIN-WS17,svc.sync,1,sshd,"sshd",cmd.exe,,,SHA256=000e658259d7e5e8000e658259d7e5e8000e658259d7e5e8000e658259d7e5e8
2026-02-10 17:12:06.665,K8S-NODE-01,svc-export,1,outlook.exe,"outlook.exe",cmd.exe,,,SHA256=000a693d0e0a81e8000a693d0e0a81e8000a693d0e0a81e8000a693d0e0a81e8
2026-02-10 17:15:09.797,K8S-NODE-01,d.holt,1,chrome.exe,"chrome.exe",launchd,,,SHA256=00040a480642c4f700040a480642c4f700040a480642c4f700040a480642c4f7
2026-02-10 17:24:34.804,LINUX-WEB-02,svc.sync,1,sshd,"sshd",launchd,,,SHA256=001585252e4d0fea001585252e4d0fea001585252e4d0fea001585252e4d0fea
2026-02-10 17:35:56.770,K8S-NODE-01,svc.export,1,python3,"python3",launchd,,,SHA256=0011f6ef0bef17600011f6ef0bef17600011f6ef0bef17600011f6ef0bef1760
2026-02-10 17:43:34.993,WIN-FS01,a.kim,1,sshd,"sshd",explorer.exe,,,SHA256=00211f0f02a51a0600211f0f02a51a0600211f0f02a51a0600211f0f02a51a06
2026-02-10 17:48:37.115,WIN-HELPDESK-12,marina.ko,1,node,"node",cmd.exe,,,SHA256=0004cd14abc652dc0004cd14abc652dc0004cd14abc652dc0004cd14abc652dc
2026-02-10 17:57:16.347,LINUX-WEB-02,a.kim,1,node,"node",cmd.exe,,,SHA256=0000fb10e28dad170000fb10e28dad170000fb10e28dad170000fb10e28dad17
2026-02-10 18:02:03.408,WIN-HELPDESK-12,svc.sync,1,node,"node",cmd.exe,,,SHA256=0018b5015b7134780018b5015b7134780018b5015b7134780018b5015b713478
2026-02-10 18:06:43.495,WIN-FIN-WS17,svc.export,1,python3,"python3",launchd,,,SHA256=00041a5bab84f83000041a5bab84f83000041a5bab84f83000041a5bab84f830
2026-02-10 18:18:03.206,LINUX-JUMP-01,svc.export,1,chrome.exe,"chrome.exe",cmd.exe,,,SHA256=0021b85fdd7a67ac0021b85fdd7a67ac0021b85fdd7a67ac0021b85fdd7a67ac
2026-02-10 18:24:31.784,K8S-NODE-01,a.kim,1,python3,"python3",launchd,,,SHA256=000ac8cdb5dd67d8000ac8cdb5dd67d8000ac8cdb5dd67d8000ac8cdb5dd67d8
2026-02-10 18:32:42.960,WIN-FS01,marina.ko,1,python3,"python3",systemd,,,SHA256=00034bdf224accbb00034bdf224accbb00034bdf224accbb00034bdf224accbb
2026-02-10 18:39:14.472,K8S-NODE-01,d.holt,1,node,"node",explorer.exe,,,SHA256=001fc096c1ac5683001fc096c1ac5683001fc096c1ac5683001fc096c1ac5683
2026-02-10 18:45:07.194,LINUX-WEB-02,d.holt,1,sshd,"sshd",cmd.exe,,,SHA256=000a526e2ec61a4d000a526e2ec61a4d000a526e2ec61a4d000a526e2ec61a4d
2026-02-10 18:52:18.598,WIN-HELPDESK-12,svc.sync,1,slack.exe,"slack.exe",launchd,,,SHA256=000fe7e6e88d2e52000fe7e6e88d2e52000fe7e6e88d2e52000fe7e6e88d2e52
2026-02-10 18:59:18.671,LINUX-JUMP-01,svc-export,1,git,"git",launchd,,,SHA256=000cd462c0c0d649000cd462c0c0d649000cd462c0c0d649000cd462c0c0d649
2026-02-10 19:03:11.828,WIN-FS01,a.kim,1,node,"node",explorer.exe,,,SHA256=0019739fa4c1180e0019739fa4c1180e0019739fa4c1180e0019739fa4c1180e
2026-02-10 19:11:05.936,WIN-FIN-WS17,svc-export,1,node,"node",explorer.exe,,,SHA256=001e491c3e94e1f7001e491c3e94e1f7001e491c3e94e1f7001e491c3e94e1f7
2026-02-10 19:14:58.219,WIN-FIN-WS17,svc-build,1,chrome.exe,"chrome.exe",explorer.exe,,,SHA256=001c2f87c2819361001c2f87c2819361001c2f87c2819361001c2f87c2819361
2026-02-10 19:25:55.212,LINUX-JUMP-01,marina.ko,1,python3,"python3",cmd.exe,,,SHA256=00231d8fa4e2155400231d8fa4e2155400231d8fa4e2155400231d8fa4e21554
2026-02-10 19:36:46.432,LINUX-WEB-02,svc.export,1,powershell.exe,"powershell.exe",systemd,,,SHA256=0003963c42f294540003963c42f294540003963c42f294540003963c42f29454
2026-02-10 19:42:24.269,LINUX-WEB-02,svc.export,1,git,"git",explorer.exe,,,SHA256=0007e233b998a5b60007e233b998a5b60007e233b998a5b60007e233b998a5b6
2026-02-10 19:49:09.601,WIN-FS01,marina.ko,1,git,"git",cmd.exe,,,SHA256=0002746bbb7302100002746bbb7302100002746bbb7302100002746bbb730210
2026-02-10 19:54:06.515,WIN-HELPDESK-12,marina.ko,1,chrome.exe,"chrome.exe",systemd,,,SHA256=000d7667fb8a53a3000d7667fb8a53a3000d7667fb8a53a3000d7667fb8a53a3
2026-02-10 20:03:21.642,WIN-FIN-WS17,svc.sync,1,slack.exe,"slack.exe",launchd,,,SHA256=0015de54f680b2cf0015de54f680b2cf0015de54f680b2cf0015de54f680b2cf
2026-02-10 20:13:14.167,LINUX-WEB-02,a.kim,1,outlook.exe,"outlook.exe",launchd,,,SHA256=00164d63a2ab9bed00164d63a2ab9bed00164d63a2ab9bed00164d63a2ab9bed
2026-02-10 20:20:10.443,WIN-FS01,a.kim,1,node,"node",launchd,,,SHA256=001bfa8de4224123001bfa8de4224123001bfa8de4224123001bfa8de4224123
2026-02-10 20:31:00.002,LINUX-WEB-02,svc-build,1,python3,"python3",launchd,,,SHA256=001aea3eab756811001aea3eab756811001aea3eab756811001aea3eab756811
2026-02-10 20:39:13.984,WIN-HELPDESK-12,d.holt,1,node,"node",explorer.exe,,,SHA256=00062c84d6ec566900062c84d6ec566900062c84d6ec566900062c84d6ec5669
2026-02-10 20:50:37.801,LINUX-JUMP-01,svc.sync,1,chrome.exe,"chrome.exe",systemd,,,SHA256=0011cfdf4aabf9d00011cfdf4aabf9d00011cfdf4aabf9d00011cfdf4aabf9d0
2026-02-10 21:01:01.073,WIN-FS01,a.kim,1,python3,"python3",launchd,,,SHA256=00219fc1f5eb468e00219fc1f5eb468e00219fc1f5eb468e00219fc1f5eb468e
2026-02-10 21:08:52.228,WIN-FS01,d.holt,1,python3,"python3",launchd,,,SHA256=001f805e9e520e0c001f805e9e520e0c001f805e9e520e0c001f805e9e520e0c
2026-02-10 21:12:03.990,LINUX-JUMP-01,svc.sync,1,slack.exe,"slack.exe",systemd,,,SHA256=0016d1330a2019040016d1330a2019040016d1330a2019040016d1330a201904
2026-02-10 21:16:09.511,WIN-FS01,svc-export,1,python3,"python3",explorer.exe,,,SHA256=001e2ee45fb272e7001e2ee45fb272e7001e2ee45fb272e7001e2ee45fb272e7
2026-02-10 21:23:25.986,LINUX-WEB-02,marina.ko,1,slack.exe,"slack.exe",explorer.exe,,,SHA256=000181bb41d25afd000181bb41d25afd000181bb41d25afd000181bb41d25afd
2026-02-10 21:32:30.922,LINUX-JUMP-01,svc.export,1,git,"git",explorer.exe,,,SHA256=001525c1d1ec8d18001525c1d1ec8d18001525c1d1ec8d18001525c1d1ec8d18
2026-02-10 21:37:32.180,K8S-NODE-01,svc-build,1,chrome.exe,"chrome.exe",launchd,,,SHA256=001b03a34c3656f1001b03a34c3656f1001b03a34c3656f1001b03a34c3656f1
2026-02-10 21:48:31.671,LINUX-JUMP-01,marina.ko,1,python3,"python3",explorer.exe,,,SHA256=000fa488ba09888f000fa488ba09888f000fa488ba09888f000fa488ba09888f
2026-02-10 21:51:08.036,LINUX-WEB-02,svc.sync,1,outlook.exe,"outlook.exe",systemd,,,SHA256=000e1b8333b88d4d000e1b8333b88d4d000e1b8333b88d4d000e1b8333b88d4d
2026-02-10 21:56:38.445,K8S-NODE-01,marina.ko,1,sshd,"sshd",cmd.exe,,,SHA256=00044abec5a0304c00044abec5a0304c00044abec5a0304c00044abec5a0304c
2026-02-10 22:01:15.221,WIN-HELPDESK-12,svc.sync,1,slack.exe,"slack.exe",explorer.exe,,,SHA256=000d3f9d07768a79000d3f9d07768a79000d3f9d07768a79000d3f9d07768a79
2026-02-10 22:06:19.480,WIN-FIN-WS17,marina.ko,1,sshd,"sshd",cmd.exe,,,SHA256=001c70b311baa97b001c70b311baa97b001c70b311baa97b001c70b311baa97b
2026-02-10 22:15:30.289,WIN-FS01,svc.export,1,git,"git",systemd,,,SHA256=001c45881a747610001c45881a747610001c45881a747610001c45881a747610
2026-02-10 22:18:31.642,K8S-NODE-01,a.kim,1,node,"node",cmd.exe,,,SHA256=00095e5ae2958dd200095e5ae2958dd200095e5ae2958dd200095e5ae2958dd2
2026-02-10 22:26:17.222,LINUX-WEB-02,svc.sync,1,slack.exe,"slack.exe",launchd,,,SHA256=0022a174703af75a0022a174703af75a0022a174703af75a0022a174703af75a
2026-02-10 22:30:09.641,WIN-FS01,svc.sync,1,slack.exe,"slack.exe",launchd,,,SHA256=0000f45b71dc212d0000f45b71dc212d0000f45b71dc212d0000f45b71dc212d
2026-02-10 22:33:00.530,WIN-FIN-WS17,a.kim,1,sshd,"sshd",launchd,,,SHA256=000f955010614b0b000f955010614b0b000f955010614b0b000f955010614b0b
2026-02-10 22:41:13.114,LINUX-WEB-02,marina.ko,1,powershell.exe,"powershell.exe",systemd,,,SHA256=000c926a8f8a9e69000c926a8f8a9e69000c926a8f8a9e69000c926a8f8a9e69
2026-02-10 22:46:31.198,K8S-NODE-01,svc.export,1,powershell.exe,"powershell.exe",cmd.exe,,,SHA256=00143290c53ca64100143290c53ca64100143290c53ca64100143290c53ca641
2026-02-10 22:51:27.956,LINUX-JUMP-01,svc-export,1,git,"git",cmd.exe,,,SHA256=000e84c05378d780000e84c05378d780000e84c05378d780000e84c05378d780
2026-02-10 23:02:33.424,WIN-FS01,d.holt,1,python3,"python3",explorer.exe,,,SHA256=00074280579742b800074280579742b800074280579742b800074280579742b8
2026-02-10 23:10:28.881,WIN-HELPDESK-12,svc-build,1,chrome.exe,"chrome.exe",systemd,,,SHA256=0001122d8eaaa4e40001122d8eaaa4e40001122d8eaaa4e40001122d8eaaa4e4
2026-02-10 23:15:05.686,LINUX-WEB-02,svc-build,1,chrome.exe,"chrome.exe",cmd.exe,,,SHA256=001da37b8fd7b052001da37b8fd7b052001da37b8fd7b052001da37b8fd7b052
2026-02-10 23:20:10.827,LINUX-JUMP-01,svc-export,1,chrome.exe,"chrome.exe",explorer.exe,,,SHA256=001ead19b734e01f001ead19b734e01f001ead19b734e01f001ead19b734e01f
2026-02-10 23:31:05.337,K8S-NODE-01,svc.export,1,slack.exe,"slack.exe",explorer.exe,,,SHA256=00080a46ba0c47c700080a46ba0c47c700080a46ba0c47c700080a46ba0c47c7
2026-02-10 23:36:47.466,K8S-NODE-01,svc.sync,1,outlook.exe,"outlook.exe",launchd,,,SHA256=001d8f9de671e5ab001d8f9de671e5ab001d8f9de671e5ab001d8f9de671e5ab
2026-02-10 23:42:11.516,LINUX-WEB-02,svc-build,1,outlook.exe,"outlook.exe",explorer.exe,,,SHA256=0015bed98aaddaa70015bed98aaddaa70015bed98aaddaa70015bed98aaddaa7
2026-02-10 23:46:35.659,LINUX-WEB-02,d.holt,1,chrome.exe,"chrome.exe",launchd,,,SHA256=000693699748da0d000693699748da0d000693699748da0d000693699748da0d
2026-02-10 23:51:36.813,K8S-NODE-01,svc.export,1,python3,"python3",cmd.exe,,,SHA256=001bc1c5fbe3fc97001bc1c5fbe3fc97001bc1c5fbe3fc97001bc1c5fbe3fc97
2026-02-10 23:58:35.376,WIN-FS01,a.kim,1,sshd,"sshd",systemd,,,SHA256=001576d047562e37001576d047562e37001576d047562e37001576d047562e37
